PCRHeader,[AgencyId],",[AgencyId] INT 'n:D01 - '",'n:D01 - ',NEMSIS V2 - D01 - Agency General Information,int,NULL,No,2018-04-07 15:24:19.877,2018-04-07 22:37:42.527
PatientCareReport,[AgencyId],",[AgencyId] INT 'n:D01 - '",'n:D01 - ',NEMSIS V2 - D01 - Agency General Information,int,NULL,No,2018-04-07 15:24:20.197,2018-04-08 18:30:32.737
PCRHeader,[AgencyNumber],",[AgencyNumber] VARCHAR(7) 'n:D01_01'",'n:D01_01',NEMSIS V2 - D01_01 Element - The state-assigned provider number of the agency,varchar,7,No,2018-04-07 15:24:19.877,2018-04-07 22:37:42.527
Agency,[AgencyNumber],",[AgencyNumber] VARCHAR(7) 'n:D01_01'",'n:D01_01',NEMSIS V2 - D01_01 Element - The state-assigned provider number of the agency,varchar,7,No,2018-02-21 10:11:29.917,2018-02-23 07:36:47.043
Agency,[AgencyName],",[AgencyName] VARCHAR(50) 'n:D01_02'",'n:D01_02',NEMSIS V2 - D01_02 Element - The name of the agency,varchar,50,No,2018-02-21 10:11:29.917,2018-02-23 07:36:47.043
PCRHeader,[State],",[State] VARCHAR(1) 'n:D01_03'",'n:D01_03',NEMSIS V2 - D01_03 Element - The agency state,varchar,1,No,2018-04-07 15:24:19.877,2018-04-07 22:37:42.527
AgencyState,[State],",[State] CHAR(2) 'n:D01_03'",'n:D01_03',NEMSIS V2 - D01_03 Element - The agency state,char,2,No,2018-02-20 23:51:53.887,2018-02-21 10:11:31.010
AgencyCounty,[County],",[County] VARCHAR(2) 'n:D01_04'",'n:D01_04',NEMSIS V2 - D01_04 Element - The agency county,varchar,2,No,2018-02-20 23:51:53.903,2018-02-21 10:11:32.387
PCRHeader,[County],",[County] VARCHAR(2) 'n:D01_04'",'n:D01_04',NEMSIS V2 - D01_04 Element - The agency county,varchar,2,No,2018-04-07 15:24:19.877,2018-04-07 22:37:42.527
Agency,[PrimaryServiceType],",[PrimaryServiceType] INT 'n:D01_05'",'n:D01_05',NEMSIS V2 - D01_05 Element - The agency primary service type,int,NULL,Yes,2018-02-21 10:11:29.917,2018-02-23 07:36:47.043
AgencyOtherTypesService,[OtherServiceType],",[OtherServiceType] INT 'n:D01_06'",'n:D01_06',NEMSIS V2 - D01_06 Element - Agency Other Types of Service Information,int,NULL,No,2018-02-20 23:51:53.910,2018-02-21 10:11:31.783
PCRHeader,[LevelOfService],",[LevelOfService] VARCHAR(50) 'n:D01_07'",'n:D01_07',NEMSIS V2 - D01_07 Element - The agency level of service,varchar,50,No,2018-04-07 15:24:19.877,2018-04-07 22:37:42.527
Agency,[LevelOfService],",[LevelOfService] VARCHAR(15) 'n:D01_07'",'n:D01_07',NEMSIS V2 - D01_07 Element - The agency level of service,varchar,15,No,2018-02-21 10:11:29.917,2018-02-23 07:36:47.043
Agency,[OrganizationType],",[OrganizationType] INT 'n:D01_08'",'n:D01_08',NEMSIS V2 - D01_08 Element - The agency organization type,int,NULL,No,2018-02-21 10:11:29.917,2018-02-23 07:36:47.043
PCRHeader,[OrganizationType],",[OrganizationType] INT 'n:D01_08'",'n:D01_08',NEMSIS V2 - D01_08 Element - The agency organization type,int,NULL,No,2018-04-07 15:24:19.877,2018-04-07 22:37:42.527
PCRHeader,[OrganizationStatus],",[OrganizationStatus] INT 'n:D01_09'",'n:D01_09',NEMSIS V2 - D01_09 Element - The agency organization status,int,NULL,No,2018-04-07 15:24:19.877,2018-04-07 22:37:42.527
Agency,[OrganizationStatus],",[OrganizationStatus] INT 'n:D01_09'",'n:D01_09',NEMSIS V2 - D01_09 Element - The agency organization status,int,NULL,No,2018-02-21 10:11:29.917,2018-02-23 07:36:47.043
AgencyStatistics,[StatisticalYear],",[StatisticalYear] INT 'n:D01_10'",'n:D01_10',NEMSIS V2 - D01_10 Element - Statistical Year,int,NULL,No,2018-02-21 00:06:59.153,2018-02-21 10:11:31.390
AgencyOtherInformation,[OtherAgenciesInArea],",[OtherAgenciesInArea] VARCHAR(25) 'n:D01_11'",'n:D01_11',NEMSIS V2 - D01_11 Element - Other Agencies In Area,varchar,25,No,2018-02-21 00:06:59.467,2018-02-21 10:11:32.763
AgencyStatistics,[ServiceAreaSize],",[ServiceAreaSize] INT 'n:D01_12'",'n:D01_12',NEMSIS V2 - D01_12 Element - Total Service Size Area,int,NULL,No,2018-02-21 00:06:59.153,2018-02-21 10:11:31.390
AgencyStatistics,[ServiceAreaPopulation],",[ServiceAreaPopulation] INT 'n:D01_13'",'n:D01_13',NEMSIS V2 - D01_13 Element - Total Service Area Population,int,NULL,No,2018-02-21 00:06:59.153,2018-02-21 10:11:31.390
AgencyStatistics,[CallVolumePerYear],",[CallVolumePerYear] INT 'n:D01_14'",'n:D01_14',NEMSIS V2 - D01_14 Element - The 911 call volume per year,int,NULL,No,2018-02-21 00:06:59.153,2018-02-21 10:11:31.390
AgencyStatistics,[DispatchYear],",[DispatchYear] INT 'n:D01_15'",'n:D01_15',NEMSIS V2 - D01_15 Element - The EMS dispatch year,int,NULL,No,2018-02-21 00:06:59.153,2018-02-21 10:11:31.390
AgencyStatistics,[TransportsPerYear],",[TransportsPerYear] INT 'n:D01_16'",'n:D01_16',NEMSIS V2 - D01_16 Element - The EMS transports per year,int,NULL,No,2018-02-21 00:06:59.153,2018-02-21 10:11:31.390
AgencyStatistics,[PatientContactsPerYear],",[PatientContactsPerYear] INT 'n:D01_17'",'n:D01_17',NEMSIS V2 - D01_17 Element - The EMS patient contacts per year,int,NULL,No,2018-02-21 00:06:59.153,2018-02-21 10:11:31.390
AgencyStatistics,[BillableCallsPerYear],",[BillableCallsPerYear] INT 'n:D01_18'",'n:D01_18',NEMSIS V2 - D01_18 Element - The EMS Billable Calls per Year,int,NULL,Yes,2018-02-21 00:06:59.153,2018-02-21 10:11:31.390
Agency,[TimeZone],",[TimeZone] INT 'n:D01_19'",'n:D01_19',NEMSIS V2 - D01_19 Element - The agency time zone,int,NULL,Yes,2018-02-21 10:11:29.917,2018-02-23 07:36:47.043
Agency,[DaylightSavings],",[DaylightSavings] INT 'n:D01_20'",'n:D01_20',NEMSIS V2 - D01_20 Element - The agency daylight savings setting,int,NULL,Yes,2018-02-21 10:11:29.917,2018-02-23 07:36:47.043
Agency,[NationalProviderId],",[NationalProviderId] VARCHAR(5) 'n:D01_21'",'n:D01_21',NEMSIS V2 - D01_21 Element - The agency national provider ID,varchar,5,No,2018-02-21 10:11:29.917,2018-02-23 07:36:47.043
PCRHeader,[NationalProviderId],",[NationalProviderId] VARCHAR(5) 'n:D01_21'",'n:D01_21',NEMSIS V2 - D01_21 Element - The agency national provider ID,varchar,5,No,2018-04-07 15:24:19.877,2018-04-07 22:37:42.527
AgencyContact,[LastName],",[LastName] VARCHAR(10) 'n:D02_01'",'n:D02_01',NEMSIS V2 - D02_01 Element - Last Name,varchar,10,No,2018-02-21 00:09:30.317,2018-02-21 11:33:24.360
AgencyContact,[MiddleName],",[MiddleName] VARCHAR(10) 'n:D02_02'",'n:D02_02',NEMSIS V2 - D02_02 Element - Middle Name/Initial,varchar,10,Yes,2018-02-21 00:09:30.317,2018-02-21 11:33:24.360
AgencyContact,[FirstName],",[FirstName] VARCHAR(10) 'n:D02_03'",'n:D02_03',NEMSIS V2 - D02_03 Element - First Name,varchar,10,No,2018-02-21 00:09:30.317,2018-02-21 11:33:24.360
AgencyContact,[Address],",[Address] VARCHAR(15) 'n:D02_04'",'n:D02_04',NEMSIS V2 - D02_04 Element - Address,varchar,15,Yes,2018-02-21 00:09:30.317,2018-02-21 11:33:24.360
AgencyContact,[City],",[City] VARCHAR(15) 'n:D02_05'",'n:D02_05',NEMSIS V2 - D02_05 Element - City,varchar,15,Yes,2018-02-21 00:09:30.317,2018-02-21 11:33:24.360
AgencyContact,[State],",[State] VARCHAR(1) 'n:D02_06'",'n:D02_06',NEMSIS V2 - D02_06 Element - State,varchar,1,Yes,2018-02-21 00:09:30.317,2018-02-21 11:33:24.360
AgencyContact,[ZipCode],",[ZipCode] VARCHAR(5) 'n:D02_07'",'n:D02_07',NEMSIS V2 - D02_07 Element - Zip Code,varchar,5,No,2018-02-21 00:09:30.317,2018-02-21 11:33:24.360
PCRHeader,[ZipCode],",[ZipCode] VARCHAR(127) 'n:D02_07'",'n:D02_07',NEMSIS V2 - D02_07 Element - Zip Code,varchar,127,No,2018-04-07 15:24:19.877,2018-04-07 22:37:42.527
AgencyContact,[TelephoneNumber],",[TelephoneNumber] VARCHAR(5) 'n:D02_08'",'n:D02_08',NEMSIS V2 - D02_08 Element - Telephone Number,varchar,5,Yes,2018-02-21 00:09:30.317,2018-02-21 11:33:24.360
AgencyContact,[FaxNumber],",[FaxNumber] VARCHAR(5) 'n:D02_09'",'n:D02_09',NEMSIS V2 - D02_09 Element - Fax Number,varchar,5,Yes,2018-02-21 00:09:30.317,2018-02-21 11:33:24.360
AgencyContact,[EmailAddress],",[EmailAddress] VARCHAR(50) 'n:D02_10'",'n:D02_10',NEMSIS V2 - D02_10 Element - Email Address,varchar,50,Yes,2018-02-21 00:09:30.317,2018-02-21 11:33:24.360
AgencyContact,[WebAddress],",[WebAddress] VARCHAR(50) 'n:D02_11'",'n:D02_11',NEMSIS V2 - D02_11 Element - Web Address,varchar,50,Yes,2018-02-21 00:09:30.317,2018-02-21 11:33:24.360
AgencyMedicalDirector,[LastName],",[LastName] VARCHAR(10) 'n:D03_01'",'n:D03_01',NEMSIS V2 - D03_01 Element - Last Name,varchar,10,No,2018-02-21 00:09:30.253,2018-02-21 12:00:03.807
AgencyMedicalDirector,[MiddleName],",[MiddleName] VARCHAR(10) 'n:D03_02'",'n:D03_02',NEMSIS V2 - D03_02 Element - Middle Name/Initial,varchar,10,Yes,2018-02-21 00:09:30.253,2018-02-21 12:00:03.807
AgencyMedicalDirector,[FirstName],",[FirstName] VARCHAR(10) 'n:D03_03'",'n:D03_03',NEMSIS V2 - D03_03 Element - First Name,varchar,10,No,2018-02-21 00:09:30.253,2018-02-21 12:00:03.807
AgencyMedicalDirector,[Address],",[Address] VARCHAR(15) 'n:D03_04'",'n:D03_04',NEMSIS V2 - D03_04 Element - Address,varchar,15,Yes,2018-02-21 00:09:30.253,2018-02-21 12:00:03.807
AgencyMedicalDirector,[City],",[City] VARCHAR(15) 'n:D03_05'",'n:D03_05',NEMSIS V2 - D03_05 Element - City,varchar,15,Yes,2018-02-21 00:09:30.253,2018-02-21 12:00:03.807
AgencyMedicalDirector,[State],",[State] VARCHAR(1) 'n:D03_06'",'n:D03_06',NEMSIS V2 - D03_06 Element - State,varchar,1,Yes,2018-02-21 00:09:30.253,2018-02-21 12:00:03.807
AgencyMedicalDirector,[ZipCode],",[ZipCode] VARCHAR(5) 'n:D03_07'",'n:D03_07',NEMSIS V2 - D03_07 Element - Zip Code,varchar,5,Yes,2018-02-21 00:09:30.253,2018-02-21 12:00:03.807
AgencyMedicalDirector,[TelephoneNumber],",[TelephoneNumber] VARCHAR(5) 'n:D03_08'",'n:D03_08',NEMSIS V2 - D03_08 Element - Telephone Number,varchar,5,Yes,2018-02-21 00:09:30.253,2018-02-21 12:00:03.807
AgencyMedicalDirector,[FaxNumber],",[FaxNumber] VARCHAR(5) 'n:D03_09'",'n:D03_09',NEMSIS V2 - D03_09 Element - Fax Number,varchar,5,Yes,2018-02-21 00:09:30.253,2018-02-21 12:00:03.807
AgencyMedicalDirector,[MedicalSpecialty],",[MedicalSpecialty] INT 'n:D03_10'",'n:D03_10',NEMSIS V2 - D03_10 Element - Medical Specialty,int,NULL,Yes,2018-02-21 00:09:30.253,2018-02-21 12:00:03.807
AgencyMedicalDirector,[EmailAddress],",[EmailAddress] VARCHAR(50) 'n:D03_11'",'n:D03_11',NEMSIS V2 - D03_11 Element - Email Address,varchar,50,Yes,2018-02-21 00:09:30.253,2018-02-21 12:00:03.807
AgencyCertificationLicensureLevels,[StateCertificationLevel],",[StateCertificationLevel] VARCHAR(15) 'n:D04_01'",'n:D04_01',NEMSIS V2 - D04_01 Element -  State Certification Level,varchar,15,No,2018-02-21 00:09:30.190,2018-02-21 12:00:03.330
AgencyCallSign,[UnitCallSign],",[UnitCallSign] VARCHAR(15) 'n:D04_02'",'n:D04_02',NEMSIS V2 - D04_02 Element - EMS Unit Call Sign,varchar,15,No,2018-02-21 00:09:30.140,2018-02-21 11:33:23.363
AgencyZones,[Zone],",[Zone] VARCHAR(15) 'n:D04_03'",'n:D04_03',NEMSIS V2 - D04_03 Element - Zone,varchar,15,No,2018-02-21 00:09:30.080,2018-02-21 11:33:23.667
AgencyProcedures,[Procedure],",[Procedure] VARCHAR(15) 'n:D04_04'",'n:D04_04',NEMSIS V2 - D04_04 Element - Procedure,varchar,15,No,2018-02-21 00:06:58.840,2018-02-21 11:33:25.387
AgencyMedicationsGiven,[Medication],",[Medication] VARCHAR(15) 'n:D04_06'",'n:D04_06',NEMSIS V2 - D04_06 Element - Medication,varchar,15,No,2018-02-21 00:05:52.907,2018-02-21 11:33:25.690
AgencyProtocol,[Protocol],",[Protocol] VARCHAR(15) 'n:D04_08'",'n:D04_08',NEMSIS V2 - D04_08 Element - Protocol,varchar,15,No,2018-02-21 00:09:30.023,2018-02-21 11:33:24.953
AgencyBillingStatus,[BillingStatus],",[BillingStatus] VARCHAR(15) 'n:D04_10'",'n:D04_10',NEMSIS V2 - D04_10 Element - Billing Status,varchar,15,No,2018-02-21 00:06:58.523,2018-02-21 11:33:24.077
AgencyHospital,[HospitalsServed],",[HospitalsServed] VARCHAR(25) 'n:D04_11'",'n:D04_11',NEMSIS V2 - D04_11 Element - Hospitals Served,varchar,25,No,2018-02-21 00:09:29.963,2018-02-21 11:33:26.340
AgencyHospital,[FacilityNumber],",[FacilityNumber] VARCHAR(15) 'n:D04_12'",'n:D04_12',NEMSIS V2 - D04_12 Element - Hospital Facility Number,varchar,15,No,2018-02-21 00:09:29.963,2018-02-21 11:33:26.340
AgencyOtherDestinations,[OtherDestination],",[OtherDestination] VARCHAR(25) 'n:D04_13'",'n:D04_13',NEMSIS V2 - D04_13 Element - Other Destinations,varchar,25,No,2018-02-21 00:09:29.907,2018-02-21 11:33:25.970
AgencyOtherDestinations,[DestinationFacilityNumber],",[DestinationFacilityNumber] VARCHAR(15) 'n:D04_14'",'n:D04_14',NEMSIS V2 - D04_14 Element - Destination Facility Number,varchar,15,No,2018-02-21 00:09:29.907,2018-02-21 11:33:25.970
AgencyOtherDestinations,[DestinationType],",[DestinationType] INT 'n:D04_15'",'n:D04_15',NEMSIS V2 - D04_15 Element - Destination Type,int,NULL,No,2018-02-21 00:09:29.907,2018-02-21 11:33:25.970
AgencyInsuranceCompany,[InsuranceCompanyUsed],",[InsuranceCompanyUsed] VARCHAR(50) 'n:D04_16'",'n:D04_16',NEMSIS V2 - D04_16 Element - Insurance Company Used,varchar,50,No,2018-02-21 00:09:29.847,2018-02-21 11:33:23.083
AgencyEMDVendor,[EMDVendor],",[EMDVendor] VARCHAR(25) 'n:D04_17'",'n:D04_17',NEMSIS V2 - D04_17 Element - EMD Vendor,varchar,25,No,2018-02-21 00:09:29.793,2018-02-21 11:33:22.810
AgencyStation,[StationName],",[StationName] VARCHAR(25) 'n:D05_01'",'n:D05_01',NEMSIS V2 - D05_01 Element - Station Name,varchar,25,No,2018-02-21 00:05:52.610,2018-02-21 10:11:30.560
AgencyStation,[StationNumber],",[StationNumber] VARCHAR(25) 'n:D05_02'",'n:D05_02',NEMSIS V2 - D05_02 Element - Station Number,varchar,25,No,2018-02-21 00:05:52.610,2018-02-21 10:11:30.560
AgencyStation,[StationZone],",[StationZone] VARCHAR(15) 'n:D05_03'",'n:D05_03',NEMSIS V2 - D05_03 Element - Station Zone,varchar,15,Yes,2018-02-21 00:05:52.610,2018-02-21 10:11:30.560
AgencyStation,[Lat],",[Lat] VARCHAR(5) 'n:D05_04'",'n:D05_04',NEMSIS V2 - D05_04 Element - Station GPS,varchar,5,Yes,2018-02-21 00:05:52.610,2018-02-21 10:11:30.560
AgencyStation,[Long],",[Long] VARCHAR(5) 'n:D05_04'",'n:D05_04',NEMSIS V2 - D05_04 Element - Station GPS,varchar,5,Yes,2018-02-21 00:05:52.610,2018-02-21 10:11:30.560
AgencyStation,[Address],",[Address] VARCHAR(15) 'n:D05_05'",'n:D05_05',NEMSIS V2 - D05_05 Element - Station Address,varchar,15,Yes,2018-02-21 00:05:52.610,2018-02-21 10:11:30.560
AgencyStation,[City],",[City] VARCHAR(15) 'n:D05_06'",'n:D05_06',NEMSIS V2 - D05_06 Element - Station City,varchar,15,Yes,2018-02-21 00:05:52.610,2018-02-21 10:11:30.560
AgencyStation,[State],",[State] VARCHAR(1) 'n:D05_07'",'n:D05_07',NEMSIS V2 - D05_07 Element - Station State,varchar,1,No,2018-02-21 00:05:52.610,2018-02-21 10:11:30.560
AgencyStation,[ZipCode],",[ZipCode] VARCHAR(5) 'n:D05_08'",'n:D05_08',NEMSIS V2 - D05_08 Element - Station Zip,varchar,5,Yes,2018-02-21 00:05:52.610,2018-02-21 10:11:30.560
AgencyStation,[TelephoneNumber],",[TelephoneNumber] VARCHAR(5) 'n:D05_09'",'n:D05_09',NEMSIS V2 - D05_09 Element - Station Telephone Number,varchar,5,Yes,2018-02-21 00:05:52.610,2018-02-21 10:11:30.560
AgencyVehicle,[VehicleNumber],",[VehicleNumber] VARCHAR(25) 'n:D06_01'",'n:D06_01',NEMSIS V2 - D06_01 Element - Unit/Vehicle Number,varchar,25,No,2018-02-21 00:09:29.733,2018-02-21 11:33:22.537
AgencyVehicle,[VehicleType],",[VehicleType] INT 'n:D06_03'",'n:D06_03',NEMSIS V2 - D06_03 Element - Vehicle Type,int,NULL,No,2018-02-21 00:09:29.733,2018-02-21 11:33:22.537
AgencyVehicleCertification,[Id],",[Id] INT 'n:D06_04'",'n:D06_04',NEMSIS V2 - D06_04 Element - State Certification/Licensure Levels,int,NULL,No,2018-02-21 00:09:29.677,2018-02-21 11:28:39.730
AgencyVehicleCertification,[VehiclePersonnelLevel],",[VehiclePersonnelLevel] INT 'n:D06_05'",'n:D06_05',NEMSIS V2 - D06_05 Element - Number Of Each Personnel Level on the Vehicle Crew,int,NULL,No,2018-02-21 00:09:29.677,2018-02-21 11:28:39.730
AgencyVehicle,[InitialCost],",[InitialCost] MONEY 'n:D06_06'",'n:D06_06',NEMSIS V2 - D06_06 Element - Vehicle Initial Cost,money,NULL,Yes,2018-02-21 00:09:29.733,2018-02-21 11:33:22.537
AgencyVehicle,[ModelYear],",[ModelYear] INT 'n:D06_07'",'n:D06_07',NEMSIS V2 - D06_07 Element - Vehicle Model Year,int,NULL,Yes,2018-02-21 00:09:29.733,2018-02-21 11:33:22.537
AgencyVehicleMilesHoursLog,[YearAccrued],",[YearAccrued] INT 'n:D06_08'",'n:D06_08',NEMSIS V2 - D06_08 Element - Year Miles/Hours Accrued,int,NULL,No,2018-02-21 00:06:57.923,2018-02-21 11:28:39.533
AgencyVehicleMilesHoursLog,[AnnualVehicleHours],",[AnnualVehicleHours] INT 'n:D06_09'",'n:D06_09',NEMSIS V2 - D06_09 Element - Annual Vehicle Hours,int,NULL,No,2018-02-21 00:06:57.923,2018-02-21 11:28:39.533
AgencyVehicleMilesHoursLog,[AnnualVehicleMiles],",[AnnualVehicleMiles] INT 'n:D06_10'",'n:D06_10',NEMSIS V2 - D06_10 Element - Annual Vehicle Miles,int,NULL,No,2018-02-21 00:06:57.923,2018-02-21 11:28:39.533
AgencyPersonnel,[Id],",[Id] INT 'n:D07_01'",'n:D07_01',NEMSIS V2 - D07_01 Element - Personnel's Agency ID Number,int,NULL,No,2018-02-21 00:09:29.610,2018-02-21 12:00:03.333
AgencyPersonnel,[StateLicensureId],",[StateLicensureId] INT 'n:D07_02'",'n:D07_02',NEMSIS V2 - D07_02 Element - State/Licensure ID Number,int,NULL,No,2018-02-21 00:09:29.610,2018-02-21 12:00:03.333
AgencyPersonnel,[EmploymentStatus],",[EmploymentStatus] INT 'n:D07_03'",'n:D07_03',NEMSIS V2 - D07_03 Element - Personnel's Employment Status,int,NULL,No,2018-02-21 00:09:29.610,2018-02-21 12:00:03.333
AgencyPersonnel,[StatusDate],",[StatusDate] DATETIME 'n:D07_04'",'n:D07_04',NEMSIS V2 - D07_04 Element - Employment Status Date,datetime,NULL,Yes,2018-02-21 00:09:29.610,2018-02-21 12:00:03.333
AgencyPersonnelCertificationLevel,[Id],",[Id] INT 'n:D07_05'",'n:D07_05',NEMSIS V2 - D07_05 Element - Personnel's Level of Certification/Licensure for Agency,int,NULL,No,2018-02-21 00:09:29.547,2018-02-21 11:27:04.920
AgencyPersonnelCertificationLevel,[CertificationDate],",[CertificationDate] DATETIME 'n:D07_06'",'n:D07_06',NEMSIS V2 - D07_06 Element - Date of Personnel's Certification or Licensure for Agency,datetime,NULL,Yes,2018-02-21 00:09:29.547,2018-02-21 11:27:04.920
AgencyPersonnelGeneral,[LastName],",[LastName] VARCHAR(10) 'n:D08_01'",'n:D08_01',NEMSIS V2 - D08_01 Element - EMS Personnel's Last Name,varchar,10,No,2018-02-21 00:09:29.437,2018-02-21 12:00:13.837
AgencyPersonnelGeneral,[MiddleName],",[MiddleName] VARCHAR(10) 'n:D08_02'",'n:D08_02',NEMSIS V2 - D08_02 Element - EMS Personnel's Middle Name/Initial,varchar,10,Yes,2018-02-21 00:09:29.437,2018-02-21 12:00:13.837
AgencyPersonnelGeneral,[FirstName],",[FirstName] VARCHAR(10) 'n:D08_03'",'n:D08_03',NEMSIS V2 - D08_03 Element - EMS Personnel's First Name,varchar,10,No,2018-02-21 00:09:29.437,2018-02-21 12:00:13.837
AgencyPersonnelGeneral,[Address],",[Address] VARCHAR(15) 'n:D08_04'",'n:D08_04',NEMSIS V2 - D08_04 Element - EMS Personnel's Mailing Address,varchar,15,Yes,2018-02-21 00:09:29.437,2018-02-21 12:00:13.837
AgencyPersonnelGeneral,[City],",[City] VARCHAR(15) 'n:D08_05'",'n:D08_05',NEMSIS V2 - D08_05 Element - EMS Personnel's City of Residence,varchar,15,Yes,2018-02-21 00:09:29.437,2018-02-21 12:00:13.837
AgencyPersonnelGeneral,[State],",[State] VARCHAR(1) 'n:D08_06'",'n:D08_06',NEMSIS V2 - D08_06 Element - EMS Personnel's State,varchar,1,Yes,2018-02-21 00:09:29.437,2018-02-21 12:00:13.837
AgencyPersonnelGeneral,[ZipCode],",[ZipCode] VARCHAR(5) 'n:D08_07'",'n:D08_07',NEMSIS V2 - D08_07 Element - EMS Personnel's Zip Code,varchar,5,Yes,2018-02-21 00:09:29.437,2018-02-21 12:00:13.837
AgencyPersonnelGeneral,[WorkTelephone],",[WorkTelephone] VARCHAR(5) 'n:D08_08'",'n:D08_08',NEMSIS V2 - D08_08 Element - EMS Personnel's Work Telephone,varchar,5,Yes,2018-02-21 00:09:29.437,2018-02-21 12:00:13.837
AgencyPersonnelGeneral,[HomeTelephone],",[HomeTelephone] VARCHAR(5) 'n:D08_09'",'n:D08_09',NEMSIS V2 - D08_09 Element - EMS Personnel's Home Telephone,varchar,5,Yes,2018-02-21 00:09:29.437,2018-02-21 12:00:13.837
AgencyPersonnelGeneral,[EmailAddress],",[EmailAddress] VARCHAR(50) 'n:D08_10'",'n:D08_10',NEMSIS V2 - D08_10 Element - EMS Personnel's Email Address,varchar,50,Yes,2018-02-21 00:09:29.437,2018-02-21 12:00:13.837
AgencyPersonnelGeneral,[DateOfBirth],",[DateOfBirth] DATETIME 'n:D08_11'",'n:D08_11',NEMSIS V2 - D08_11 Element - EMS Personnel's Date Of Birth,datetime,NULL,Yes,2018-02-21 00:09:29.437,2018-02-21 12:00:13.837
AgencyPersonnelGeneral,[Gender],",[Gender] INT 'n:D08_12'",'n:D08_12',NEMSIS V2 - D08_12 Element - EMS Personnel's Gender,int,NULL,No,2018-02-21 00:09:29.437,2018-02-21 12:00:13.837
AgencyPersonnelGeneral,[Race],",[Race] INT 'n:D08_13'",'n:D08_13',NEMSIS V2 - D08_13 Element - EMS Personnel's Race,int,NULL,Yes,2018-02-21 00:09:29.437,2018-02-21 12:00:13.837
AgencyPersonnelGeneral,[Ethnicity],",[Ethnicity] INT 'n:D08_14'",'n:D08_14',NEMSIS V2 - D08_14 Element - EMS Personnel's Ethnicity,int,NULL,Yes,2018-02-21 00:09:29.437,2018-02-21 12:00:13.837
AgencyPersonnelGeneral,[AgencyCertificationLicensureLevelId],",[AgencyCertificationLicensureLevelId] INT 'n:D08_15'",'n:D08_15',NEMSIS V2 - D08_15 Element - State EMS Certification Licensure Level,int,NULL,Yes,2018-02-21 00:09:29.437,2018-02-21 12:00:13.837
AgencyPersonnelGeneral,[NationalRegistryCredentialed],",[NationalRegistryCredentialed] INT 'n:D08_16'",'n:D08_16',NEMSIS V2 - D08_16 Element - National Registry Credentialed,int,NULL,Yes,2018-02-21 00:09:29.437,2018-02-21 12:00:13.837
AgencyPersonnelGeneral,[CurrentCertificationDate],",[CurrentCertificationDate] DATETIME 'n:D08_17'",'n:D08_17',NEMSIS V2 - D08_17 Element - State EMS Current Certification Date,datetime,NULL,Yes,2018-02-21 00:09:29.437,2018-02-21 12:00:13.837
AgencyPersonnelGeneral,[InitialCertificationDate],",[InitialCertificationDate] DATETIME 'n:D08_18'",'n:D08_18',NEMSIS V2 - D08_18 Element - Initial State Certification Date,datetime,NULL,Yes,2018-02-21 00:09:29.437,2018-02-21 12:00:13.837
AgencyPersonnelGeneral,[TotalLengthService],",[TotalLengthService] INT 'n:D08_19'",'n:D08_19',NEMSIS V2 - D08_19 Element - Total Length of Service,int,NULL,Yes,2018-02-21 00:09:29.437,2018-02-21 12:00:13.837
AgencyPersonnelGeneral,[DocumentedLengthService],",[DocumentedLengthService] DATETIME 'n:D08_20'",'n:D08_20',NEMSIS V2 - D08_20 Element - Date Length of Service Documented,datetime,NULL,Yes,2018-02-21 00:09:29.437,2018-02-21 12:00:13.837
AgencyMedicalDevice,[SerialNumber],",[SerialNumber] VARCHAR(25) 'n:D09_01'",'n:D09_01',NEMSIS V2 - D09_01 Element - Device Serial Number,varchar,25,Yes,2018-02-21 00:09:29.250,2018-02-21 12:04:03.843
AgencyMedicalDevice,[NameOrId],",[NameOrId] VARCHAR(25) 'n:D09_02'",'n:D09_02',NEMSIS V2 - D09_02 Element - Device Name or ID,varchar,25,No,2018-02-21 00:09:29.250,2018-02-21 12:04:03.843
AgencyMedicalDevice,[Manufacturer],",[Manufacturer] VARCHAR(25) 'n:D09_03'",'n:D09_03',NEMSIS V2 - D09_03 Element - Device Manufacturer,varchar,25,No,2018-02-21 00:09:29.250,2018-02-21 12:04:03.843
AgencyMedicalDevice,[ModelNumber],",[ModelNumber] VARCHAR(25) 'n:D09_04'",'n:D09_04',NEMSIS V2 - D09_04 Element - Model Number,varchar,25,No,2018-02-21 00:09:29.250,2018-02-21 12:04:03.843
AgencyMedicalDevice,[PurchaseDate],",[PurchaseDate] DATETIME 'n:D09_05'",'n:D09_05',NEMSIS V2 - D09_05 Element - Device Purchase Date,datetime,NULL,Yes,2018-02-21 00:09:29.250,2018-02-21 12:04:03.843
PCRMedicalHistoryLivingWill,[PatientCareReportId],",[PatientCareReportId] INT 'n:E01 - '",'n:E01 - ',NEMSIS V2 - E01 - Patient Care Report,int,NULL,No,2018-02-22 22:44:55.107,2018-04-08 18:23:41.563
PCRMedicalHistoryAllergies,[PatientCareReportId],",[PatientCareReportId] INT 'n:E01 - '",'n:E01 - ',NEMSIS V2 - E01 - Patient Care Report,int,NULL,No,2018-02-22 22:44:55.110,2018-04-08 18:16:24.033
MedicalHistoryPreexistingMedicalSurgery,[PatientCareReportId],",[PatientCareReportId] INT 'n:E01 - '",'n:E01 - ',NEMSIS V2 - E01 - Patient Care Report,int,NULL,No,2018-02-22 22:44:55.113,2018-04-08 18:18:14.410
PCRMedicalHistoryImmunizationDetails,[PatientCareReportId],",[PatientCareReportId] INT 'n:E01 - '",'n:E01 - ',NEMSIS V2 - E01 - Patient Care Report,int,NULL,No,2018-02-22 22:44:55.117,2018-04-08 18:18:14.473
PCRMedicalHistoryMedicationAllergies,[PatientCareReportId],",[PatientCareReportId] INT 'n:E01 - '",'n:E01 - ',NEMSIS V2 - E01 - Patient Care Report,int,NULL,No,2018-02-22 22:44:55.110,2018-04-08 18:16:23.957
PCRCPRCardiacRhythmDelivery,[PatientCareReportId],",[PatientCareReportId] INT 'n:E01 - '",'n:E01 - ',NEMSIS V2 - E01 - Patient Care Report,int,NULL,No,2018-02-22 22:44:55.100,2018-04-08 18:18:14.253
PCRTraumaVehicleImpactLocation,[PatientCareReportId],",[PatientCareReportId] INT 'n:E01 - '",'n:E01 - ',NEMSIS V2 - E01 - Patient Care Report,int,NULL,No,2018-02-22 22:44:55.087,2018-04-08 18:16:23.893
PCRTraumaOccupantSafetyEquipment,[PatientCareReportId],",[PatientCareReportId] INT 'n:E01 - '",'n:E01 - ',NEMSIS V2 - E01 - Patient Care Report,int,NULL,No,2018-02-22 22:44:55.090,2018-04-08 18:23:41.180
PCRTraumaRiskFactorPredictors,[PatientCareReportId],",[PatientCareReportId] INT 'n:E01 - '",'n:E01 - ',NEMSIS V2 - E01 - Patient Care Report,int,NULL,No,2018-04-08 18:30:32.173,2018-04-08 18:30:32.207
PCRSituationOtherSymptoms,[PatientCareReportId],",[PatientCareReportId] INT 'n:E01 - '",'n:E01 - ',NEMSIS V2 - E01 - Patient Care Report,int,NULL,No,2018-04-08 18:30:32.103,2018-04-08 18:30:32.137
PCRBillingConditionCodesModifier,[PatientCareReportId],",[PatientCareReportId] INT 'n:E01 - '",'n:E01 - ',NEMSIS V2 - E01 - Patient Care Report,int,NULL,No,2018-02-22 22:44:55.057,2018-04-08 18:23:40.703
PCRSituationPriorAid,[PatientCareReportId],",[PatientCareReportId] INT 'n:E01 - '",'n:E01 - ',NEMSIS V2 - E01 - Patient Care Report,int,NULL,No,2018-04-08 18:30:32.037,2018-04-08 18:30:32.070
PCRSceneOtherServices,[PatientCareReportId],",[PatientCareReportId] INT 'n:E01 - '",'n:E01 - ',NEMSIS V2 - E01 - Patient Care Report,int,NULL,No,2018-02-22 22:44:55.067,2018-04-08 18:18:14.223
PCRTraumaInjuryMechanism,[PatientCareReportId],",[PatientCareReportId] INT 'n:E01 - '",'n:E01 - ',NEMSIS V2 - E01 - Patient Care Report,int,NULL,No,2018-02-22 22:44:55.080,2018-04-08 18:18:14.240
PCRTraumaAirbagDeployment,[PatientCareReportId],",[PatientCareReportId] INT 'n:E01 - '",'n:E01 - ',NEMSIS V2 - E01 - Patient Care Report,int,NULL,No,2018-04-08 18:30:32.243,2018-04-08 18:30:32.277
PCRMedicalHistoryAlcoholDrugIndicators,[PatientCareReportId],",[PatientCareReportId] INT 'n:E01 - '",'n:E01 - ',NEMSIS V2 - E01 - Patient Care Report,int,NULL,No,2018-02-22 22:44:55.120,2018-04-08 18:18:14.540
PCRMedicalHistoryPatientBarriers,[PatientCareReportId],",[PatientCareReportId] INT 'n:E01 - '",'n:E01 - ',NEMSIS V2 - E01 - Patient Care Report,int,NULL,No,2018-02-22 22:44:55.103,2018-04-08 18:18:14.327
PCRVitalSignsAssessmentInitialCardiacRhythm,[PatientCareReportId],",[PatientCareReportId] INT 'n:E01 - '",'n:E01 - ',NEMSIS V2 - E01 - Patient Care Report,int,NULL,No,2018-02-22 22:44:55.127,2018-04-08 18:16:24.110
PCRInterventionMedications,[PatientCareReportId],",[PatientCareReportId] INT 'n:E01 - '",'n:E01 - ',NEMSIS V2 - E01 - Patient Care Report,int,NULL,No,2018-02-22 22:44:55.140,2018-04-08 18:18:14.607
PCRAssessmentInjury,[PatientCareReportId],",[PatientCareReportId] INT 'n:E01 - '",'n:E01 - ',NEMSIS V2 - E01 - Patient Care Report,int,NULL,No,2018-02-22 22:44:55.130,2018-04-08 18:16:24.187
PCRAssessmentExam,[PatientCareReportId],",[PatientCareReportId] INT 'n:E01 - '",'n:E01 - ',NEMSIS V2 - E01 - Patient Care Report,int,NULL,No,2018-02-22 22:44:55.130,2018-04-08 18:23:41.850
PCRInterventionProceduresPerformed,[PatientCareReportId],",[PatientCareReportId] INT 'n:E01 - '",'n:E01 - ',NEMSIS V2 - E01 - Patient Care Report,int,NULL,No,2018-02-22 22:44:55.143,2018-04-08 18:23:42.060
PCRCPR,[PatientCareReportId],",[PatientCareReportId] INT 'n:E01 - '",'n:E01 - ',NEMSIS V2 - E01 - Patient Care Report,int,NULL,No,2018-04-08 18:30:32.317,2018-04-08 18:30:32.350
PCRUnitCall,[PatientCareReportId],",[PatientCareReportId] INT 'n:E01 - '",'n:E01 - ',NEMSIS V2 - E01 - Patient Care Report,int,NULL,No,2018-02-22 22:44:55.040,2018-04-08 18:18:14.200
PCRIntervention,[PatientCareReportId],",[PatientCareReportId] INT 'n:E01 - '",'n:E01 - ',NEMSIS V2 - E01 - Patient Care Report,int,NULL,No,2018-04-08 18:27:12.443,2018-04-08 18:27:12.477
PCRUnitAgencyResponseDelays,[PatientCareReportId],",[PatientCareReportId] INT 'n:E01 - '",'n:E01 - ',NEMSIS V2 - E01 - Patient Care Report,int,NULL,No,2018-04-08 18:30:31.667,2018-04-08 18:30:31.820
PCRUnitAgencyDispatchDelays,[PatientCareReportId],",[PatientCareReportId] INT 'n:E01 - '",'n:E01 - ',NEMSIS V2 - E01 - Patient Care Report,int,NULL,No,2018-02-22 22:44:55.027,2018-04-08 18:16:23.533
PCRUnitAgencyTransportDelays,[PatientCareReportId],",[PatientCareReportId] INT 'n:E01 - '",'n:E01 - ',NEMSIS V2 - E01 - Patient Care Report,int,NULL,No,2018-04-08 18:30:31.880,2018-04-08 18:30:31.913
PCRUnitAgencySceneDelays,[PatientCareReportId],",[PatientCareReportId] INT 'n:E01 - '",'n:E01 - ',NEMSIS V2 - E01 - Patient Care Report,int,NULL,No,2018-02-22 22:44:55.033,2018-04-08 18:23:40.550
PCRUnitAgencyTurnAroundDelays,[PatientCareReportId],",[PatientCareReportId] INT 'n:E01 - '",'n:E01 - ',NEMSIS V2 - E01 - Patient Care Report,int,NULL,No,2018-02-22 22:44:55.037,2018-04-08 18:16:23.603
PCRUnitPersonnel,[PatientCareReportId],",[PatientCareReportId] INT 'n:E01 - '",'n:E01 - ',NEMSIS V2 - E01 - Patient Care Report,int,NULL,No,2018-02-22 22:44:55.040,2018-04-08 18:16:23.687
PCRTimes,[PatientCareReportId],",[PatientCareReportId] INT 'n:E01 - '",'n:E01 - ',NEMSIS V2 - E01 - Patient Care Report,int,NULL,No,2018-02-22 22:44:55.043,2018-04-08 18:23:40.563
PCRUnitAgency,[PatientCareReportId],",[PatientCareReportId] INT 'n:E01 - '",'n:E01 - ',NEMSIS V2 - E01 - Patient Care Report,int,NULL,No,2018-02-22 22:44:55.023,2018-04-08 18:16:23.440
PCRDisposition,[PatientCareReportId],",[PatientCareReportId] INT 'n:E01 - '",'n:E01 - ',NEMSIS V2 - E01 - Patient Care Report,int,NULL,No,2018-04-08 18:27:12.507,2018-04-08 18:27:12.543
PCRSceneOtherEMSAgencies,[PatientCareReportId],",[PatientCareReportId] INT 'n:E01 - '",'n:E01 - ',NEMSIS V2 - E01 - Patient Care Report,int,NULL,No,2018-04-08 18:30:31.960,2018-04-08 18:30:31.997
PCRBillingConditionCodes,[PatientCareReportId],",[PatientCareReportId] INT 'n:E01 - '",'n:E01 - ',NEMSIS V2 - E01 - Patient Care Report,int,NULL,No,2018-02-22 22:44:55.053,2018-04-08 18:16:23.823
PCRBilling,[PatientCareReportId],",[PatientCareReportId] INT 'n:E01 - '",'n:E01 - ',NEMSIS V2 - E01 - Patient Care Report,int,NULL,No,2018-02-22 22:44:55.050,2018-04-08 18:18:14.210
PCRScene,[PatientCareReportId],",[PatientCareReportId] INT 'n:E01 - '",'n:E01 - ',NEMSIS V2 - E01 - Patient Care Report,int,NULL,No,2018-02-22 22:44:55.060,2018-04-08 18:18:14.217
PCRSituation,[PatientCareReportId],",[PatientCareReportId] INT 'n:E01 - '",'n:E01 - ',NEMSIS V2 - E01 - Patient Care Report,int,NULL,No,2018-02-22 22:44:55.067,2018-04-08 18:18:14.230
PCRPatient,[PatientCareReportId],",[PatientCareReportId] INT 'n:E01 - '",'n:E01 - ',NEMSIS V2 - E01 - Patient Care Report,int,NULL,No,2018-02-22 22:44:55.047,2018-04-08 18:23:40.630
PCRBillingInsurance,[PatientCareReportId],",[PatientCareReportId] INT 'n:E01 - '",'n:E01 - ',NEMSIS V2 - E01 - Patient Care Report,int,NULL,No,2018-02-22 22:44:55.050,2018-04-08 18:16:23.760
PCRTrauma,[PatientCareReportId],",[PatientCareReportId] INT 'n:E01 - '",'n:E01 - ',NEMSIS V2 - E01 - Patient Care Report,int,NULL,No,2018-04-08 18:27:12.290,2018-04-08 18:27:12.323
PCRMedicalHistoryCurrentMedication,[PatientCareReportId],",[PatientCareReportId] INT 'n:E01 - '",'n:E01 - ',NEMSIS V2 - E01 - Patient Care Report,int,NULL,No,2018-04-08 18:27:12.357,2018-04-08 18:27:12.390
PCRAssessmentExamsDifferent,[PatientCareReportId],",[PatientCareReportId] INT 'n:E01 - '",'n:E01 - ',NEMSIS V2 - E01 - Patient Care Report,int,NULL,No,2018-04-08 18:30:32.710,2018-04-08 18:30:32.743
PCRMiscellaneousLocalAgencyResearchField,[PatientCareReportId],",[PatientCareReportId] INT 'n:E01 - '",'n:E01 - ',NEMSIS V2 - E01 - Patient Care Report,int,NULL,No,2018-02-22 22:44:55.180,2018-04-08 18:18:14.983
PCRNarrative,[PatientCareReportId],",[PatientCareReportId] INT 'n:E01 - '",'n:E01 - ',NEMSIS V2 - E01 - Patient Care Report,int,NULL,No,2018-04-08 18:30:32.560,2018-04-08 18:30:32.593
PCRInterventionProceduresPerformedTubeConfirmation,[PatientCareReportId],",[PatientCareReportId] INT 'n:E01 - '",'n:E01 - ',NEMSIS V2 - E01 - Patient Care Report,int,NULL,No,2018-04-08 18:25:40.310,2018-04-08 18:25:40.467
PCRSituationPriorAidPerformedBy,[PatientCareReportId],",[PatientCareReportId] INT 'n:E01 - '",'n:E01 - ',NEMSIS V2 - E01 - Patient Care Report,int,NULL,No,2018-04-08 18:27:12.090,2018-04-08 18:27:12.233
PCRInterventionProceduresPerformedSuccessfulIVSite,[PatientCareReportId],",[PatientCareReportId] INT 'n:E01 - '",'n:E01 - ',NEMSIS V2 - E01 - Patient Care Report,int,NULL,No,2018-02-22 22:44:55.150,2018-04-08 18:18:14.750
PCRCPRIndicationAttemptResuscitate,[PatientCareReportId],",[PatientCareReportId] INT 'n:E01 - '",'n:E01 - ',NEMSIS V2 - E01 - Patient Care Report,int,NULL,No,2018-04-08 18:30:32.417,2018-04-08 18:30:32.450
PCROutcomeLinkage,[PatientCareReportId],",[PatientCareReportId] INT 'n:E01 - '",'n:E01 - ',NEMSIS V2 - E01 - Patient Care Report,int,NULL,No,2018-02-22 22:44:55.163,2018-04-08 18:16:24.257
PCRMiscellaneous,[PatientCareReportId],",[PatientCareReportId] INT 'n:E01 - '",'n:E01 - ',NEMSIS V2 - E01 - Patient Care Report,int,NULL,No,2018-02-22 22:44:55.167,2018-04-08 18:16:24.323
PCRInterventionProceduresPerformedTubePlacement,[PatientCareReportId],",[PatientCareReportId] INT 'n:E01 - '",'n:E01 - ',NEMSIS V2 - E01 - Patient Care Report,int,NULL,No,2018-02-22 22:44:55.153,2018-04-08 18:18:14.830
PCRMiscellaneousPatientIndicationCriteriaRegistry,[PatientCareReportId],",[PatientCareReportId] INT 'n:E01 - '",'n:E01 - ',NEMSIS V2 - E01 - Patient Care Report,int,NULL,No,2018-02-22 22:44:55.167,2018-04-08 18:18:14.907
PCRMedicalHistory,[PatientCareReportId],",[PatientCareReportId] INT 'n:E01 - '",'n:E01 - ',NEMSIS V2 - E01 - Patient Care Report,int,NULL,No,2018-04-08 18:30:32.490,2018-04-08 18:30:32.523
PCRMiscellaneousProtectiveEquipmentUsed,[PatientCareReportId],",[PatientCareReportId] INT 'n:E01 - '",'n:E01 - ',NEMSIS V2 - E01 - Patient Care Report,int,NULL,No,2018-02-22 22:44:55.170,2018-04-08 18:16:24.403
PCRMiscellaneousSuspicionMultiCasualtyDomesticTerrorism,[PatientCareReportId],",[PatientCareReportId] INT 'n:E01 - '",'n:E01 - ',NEMSIS V2 - E01 - Patient Care Report,int,NULL,No,2018-02-22 22:44:55.170,2018-04-08 18:16:24.483
PCRMiscellaneousTypeExposureBodilyFluids,[PatientCareReportId],",[PatientCareReportId] INT 'n:E01 - '",'n:E01 - ',NEMSIS V2 - E01 - Patient Care Report,int,NULL,No,2018-02-22 22:44:55.173,2018-04-08 18:16:24.550
PCRMiscellaneousPersonnelExposedFluids,[PatientCareReportId],",[PatientCareReportId] INT 'n:E01 - '",'n:E01 - ',NEMSIS V2 - E01 - Patient Care Report,int,NULL,No,2018-02-22 22:44:55.177,2018-04-08 18:23:42.400
PCRVitalSignsAssessment,[PatientCareReportId],",[PatientCareReportId] INT 'n:E01 - '",'n:E01 - ',NEMSIS V2 - E01 - Patient Care Report,int,NULL,No,2018-04-08 18:30:32.630,2018-04-08 18:30:32.670
PCRMedicalDeviceData,[PatientCareReportId],",[PatientCareReportId] INT 'n:E01 - '",'n:E01 - ',NEMSIS V2 - E01 - Patient Care Report,int,NULL,No,2018-04-08 18:25:40.523,2018-04-08 18:25:40.560
PatientCareReport,[PatientCareReportNumber],",[PatientCareReportNumber] VARCHAR(15) 'n:E01_01'",'n:E01_01',NEMSIS V2 - E01_01 Element - Patient Care Report Number,varchar,15,No,2018-04-07 15:24:20.197,2018-04-08 18:30:32.737
PatientCareReport,[SoftwareCreator],",[SoftwareCreator] VARCHAR(15) 'n:E01_02'",'n:E01_02',NEMSIS V2 - E01_02 Element - Software Creator,varchar,15,No,2018-04-07 15:24:20.197,2018-04-08 18:30:32.737
PatientCareReport,[SoftwareName],",[SoftwareName] VARCHAR(15) 'n:E01_03'",'n:E01_03',NEMSIS V2 - E01_03 Element - Software Name,varchar,15,No,2018-04-07 15:24:20.197,2018-04-08 18:30:32.737
PatientCareReport,[SoftwareVersion],",[SoftwareVersion] VARCHAR(15) 'n:E01_04'",'n:E01_04',NEMSIS V2 - E01_04 Element - Software Version,varchar,15,No,2018-04-07 15:24:20.197,2018-04-08 18:30:32.737
PCRUnitAgency,[AgencyNumber],",[AgencyNumber] VARCHAR(7) 'n:E02_01'",'n:E02_01',NEMSIS V2 - E02_01 Element - EMS Agency Number,varchar,7,No,2018-02-22 22:44:55.023,2018-04-08 18:16:23.440
PCRUnitAgency,[IncidentNumber],",[IncidentNumber] VARCHAR(7) 'n:E02_02'",'n:E02_02',NEMSIS V2 - E02_02 Element - Incident Number,varchar,7,Yes,2018-02-22 22:44:55.023,2018-04-08 18:16:23.440
PCRUnitAgency,[UnitResponseNumber],",[UnitResponseNumber] VARCHAR(7) 'n:E02_03'",'n:E02_03',NEMSIS V2 - E02_03 Element - EMS Unit (Vehicle) Response Number,varchar,7,Yes,2018-02-22 22:44:55.023,2018-04-08 18:16:23.440
PCRUnitAgency,[ServiceTypeRequested],",[ServiceTypeRequested] INT 'n:E02_04'",'n:E02_04',NEMSIS V2 - E02_04 Element - Type of Service Requested,int,NULL,No,2018-02-22 22:44:55.023,2018-04-08 18:16:23.440
PCRUnitAgency,[PrimaryUnitRole],",[PrimaryUnitRole] INT 'n:E02_05'",'n:E02_05',NEMSIS V2 - E02_05 Element - Primary Role of the Unit,int,NULL,No,2018-02-22 22:44:55.023,2018-04-08 18:16:23.440
PCRUnitAgencyDispatchDelays,[DispatchDelayType],",[DispatchDelayType] INT 'n:E02_06'",'n:E02_06',NEMSIS V2 - E02_06 Element - Type of Dispatch Delay,int,NULL,No,2018-02-22 22:44:55.027,2018-04-08 18:16:23.533
PCRUnitAgencyResponseDelays,[ResponseDelayType],",[ResponseDelayType] INT 'n:E02_07'",'n:E02_07',NEMSIS V2 - E02_07 Element - Type of Response Delay,int,NULL,No,2018-04-08 18:30:31.667,2018-04-08 18:30:31.820
PCRUnitAgencySceneDelays,[SceneDelayType],",[SceneDelayType] INT 'n:E02_08'",'n:E02_08',NEMSIS V2 - E02_08 Element - Type of Scene Delay,int,NULL,No,2018-02-22 22:44:55.033,2018-04-08 18:23:40.550
PCRUnitAgencyTransportDelays,[TransportDelayType],",[TransportDelayType] INT 'n:E02_09'",'n:E02_09',NEMSIS V2 - E02_09 Element - Type of Transport Delay,int,NULL,No,2018-04-08 18:30:31.880,2018-04-08 18:30:31.913
PCRUnitAgencyTurnAroundDelays,[TurnAroundDelayType],",[TurnAroundDelayType] INT 'n:E02_10'",'n:E02_10',NEMSIS V2 - E02_10 Element - Type of Turn-Around Delay,int,NULL,No,2018-02-22 22:44:55.037,2018-04-08 18:16:23.603
PCRUnitAgency,[UnitVehicleNumber],",[UnitVehicleNumber] VARCHAR(15) 'n:E02_11'",'n:E02_11',NEMSIS V2 - E02_11 Element - EMS Unit/Vehicle Number,varchar,15,Yes,2018-02-22 22:44:55.023,2018-04-08 18:16:23.440
PCRUnitAgency,[UnitCallSign],",[UnitCallSign] VARCHAR(7) 'n:E02_12'",'n:E02_12',NEMSIS V2 - E02_12 Element - EMS Unit Call Sign (Radio Number),varchar,7,No,2018-02-22 22:44:55.023,2018-04-08 18:16:23.440
PCRUnitAgency,[VehicleDispatchLocation],",[VehicleDispatchLocation] VARCHAR(15) 'n:E02_13'",'n:E02_13',NEMSIS V2 - E02_13 Element - Vehicle Dispatch Location,varchar,15,Yes,2018-02-22 22:44:55.023,2018-04-08 18:16:23.440
PCRUnitAgency,[VehicleDispatchZone],",[VehicleDispatchZone] VARCHAR(15) 'n:E02_14'",'n:E02_14',NEMSIS V2 - E02_14 Element - Vehicle Dispatch Zone,varchar,15,Yes,2018-02-22 22:44:55.023,2018-04-08 18:16:23.440
PCRUnitAgency,[VehicleDispatchGPSLatitude],",[VehicleDispatchGPSLatitude] DECIMAL 'n:E02_15'",'n:E02_15',NEMSIS V2 - E02_15 Element - Vehicle Dispatch GPS Location,decimal,NULL,Yes,2018-02-22 22:44:55.023,2018-04-08 18:16:23.440
PCRUnitAgency,[VehicleDispatchGPSLongitude],",[VehicleDispatchGPSLongitude] DECIMAL 'n:E02_15'",'n:E02_15',NEMSIS V2 - E02_15 Element - Vehicle Dispatch GPS Location,decimal,NULL,Yes,2018-02-22 22:44:55.023,2018-04-08 18:16:23.440
PCRUnitAgency,[BeginningOdometer],",[BeginningOdometer] DECIMAL 'n:E02_16'",'n:E02_16',NEMSIS V2 - E02_16 Element - Beginning Odometer Reading of Responding Vehicle,decimal,NULL,Yes,2018-02-22 22:44:55.023,2018-04-08 18:16:23.440
PCRUnitAgency,[OnSceneOdometer],",[OnSceneOdometer] DECIMAL 'n:E02_17'",'n:E02_17',NEMSIS V2 - E02_17 Element - On-Scene Odometer Reading of Responding Vehicle,decimal,NULL,Yes,2018-02-22 22:44:55.023,2018-04-08 18:16:23.440
PCRUnitAgency,[PatientDestinationOdometer],",[PatientDestinationOdometer] DECIMAL 'n:E02_18'",'n:E02_18',NEMSIS V2 - E02_18 Element - Patient Destination Odometer Reading of Responding Vehicle,decimal,NULL,Yes,2018-02-22 22:44:55.023,2018-04-08 18:16:23.440
PCRUnitAgency,[EndingOdometer],",[EndingOdometer] DECIMAL 'n:E02_19'",'n:E02_19',NEMSIS V2 - E02_19 Element - Ending Odometer Reading of Responding Vehicle,decimal,NULL,Yes,2018-02-22 22:44:55.023,2018-04-08 18:16:23.440
PCRUnitAgency,[SceneResponseMode],",[SceneResponseMode] INT 'n:E02_20'",'n:E02_20',NEMSIS V2 - E02_20 Element - Response Mode to Scene,int,NULL,No,2018-02-22 22:44:55.023,2018-04-08 18:16:23.440
PCRUnitCall,[DispatchComplaintReported],",[DispatchComplaintReported] INT 'n:E03_01'",'n:E03_01',NEMSIS V2 - E03_01 Element - Complaint Reported by Dispatch,int,NULL,No,2018-02-22 22:44:55.040,2018-04-08 18:18:14.200
PCRUnitCall,[EMDPerformed],",[EMDPerformed] INT 'n:E03_02'",'n:E03_02',NEMSIS V2 - E03_02 Element - EMD Performed,int,NULL,No,2018-02-22 22:44:55.040,2018-04-08 18:18:14.200
PCRUnitCall,[EMDCardNumber],",[EMDCardNumber] VARCHAR(5) 'n:E03_03'",'n:E03_03',NEMSIS V2 - E03_03 Element - EMD Card Number,varchar,5,Yes,2018-02-22 22:44:55.040,2018-04-08 18:18:14.200
PCRUnitPersonnel,[CrewMemberId],",[CrewMemberId] VARCHAR(7) 'n:E04_01'",'n:E04_01',NEMSIS V2 - E04_01 Element - Crew Member ID,varchar,7,Yes,2018-02-22 22:44:55.040,2018-04-08 18:16:23.687
PCRUnitPersonnel,[CrewMemberRole],",[CrewMemberRole] INT 'n:E04_02'",'n:E04_02',NEMSIS V2 - E04_02 Element - Crew Member Role,int,NULL,Yes,2018-02-22 22:44:55.040,2018-04-08 18:16:23.687
PCRUnitPersonnel,[CrewMemberLevel],",[CrewMemberLevel] INT 'n:E04_03'",'n:E04_03',NEMSIS V2 - E04_03 Element - Crew Member Level,int,NULL,Yes,2018-02-22 22:44:55.040,2018-04-08 18:16:23.687
PCRTimes,[IncidentDateTime],",[IncidentDateTime] DATETIME 'n:E05_01'",'n:E05_01',NEMSIS V2 - E05_01 Element - Incident or Onset Date/Time,datetime,NULL,Yes,2018-02-22 22:44:55.043,2018-04-08 18:23:40.563
PCRTimes,[PSAPCallDateTime],",[PSAPCallDateTime] DATETIME 'n:E05_02'",'n:E05_02',NEMSIS V2 - E05_02 Element - PSAP Call Date/Time,datetime,NULL,Yes,2018-02-22 22:44:55.043,2018-04-08 18:23:40.563
PCRTimes,[DispatchNotifiedDateTime],",[DispatchNotifiedDateTime] DATETIME 'n:E05_03'",'n:E05_03',NEMSIS V2 - E05_03 Element - Dispatch Notified Date/Time,datetime,NULL,Yes,2018-02-22 22:44:55.043,2018-04-08 18:23:40.563
PCRTimes,[UnitNotifiedByDispatchDateTime],",[UnitNotifiedByDispatchDateTime] DATETIME 'n:E05_04'",'n:E05_04',NEMSIS V2 - E05_04 Element - Unit Notified by Dispatch Date/Time,datetime,NULL,No,2018-02-22 22:44:55.043,2018-04-08 18:23:40.563
PCRTimes,[UnitEnRouteDateTime],",[UnitEnRouteDateTime] DATETIME 'n:E05_05'",'n:E05_05',NEMSIS V2 - E05_05 Element - Unit En Route Date/Time,datetime,NULL,Yes,2018-02-22 22:44:55.043,2018-04-08 18:23:40.563
PCRTimes,[UnitArrivedSceneDateTime],",[UnitArrivedSceneDateTime] DATETIME 'n:E05_06'",'n:E05_06',NEMSIS V2 - E05_06 Element - Unit Arrived on Scene Date/Time,datetime,NULL,Yes,2018-02-22 22:44:55.043,2018-04-08 18:23:40.563
PCRTimes,[ArrivedAtPatientDateTime],",[ArrivedAtPatientDateTime] DATETIME 'n:E05_07'",'n:E05_07',NEMSIS V2 - E05_07 Element - Arrived at Patient Date/Time,datetime,NULL,Yes,2018-02-22 22:44:55.043,2018-04-08 18:23:40.563
PCRTimes,[TransferPatientCareDateTime],",[TransferPatientCareDateTime] DATETIME 'n:E05_08'",'n:E05_08',NEMSIS V2 - E05_08 Element - Transfer of Patient Care Date/Time,datetime,NULL,Yes,2018-02-22 22:44:55.043,2018-04-08 18:23:40.563
PCRTimes,[UnitLeftSceneDateTime],",[UnitLeftSceneDateTime] DATETIME 'n:E05_09'",'n:E05_09',NEMSIS V2 - E05_09 Element - Unit Left Scene Date/Time,datetime,NULL,Yes,2018-02-22 22:44:55.043,2018-04-08 18:23:40.563
PCRTimes,[PatientArrivedDestinationDateTime],",[PatientArrivedDestinationDateTime] DATETIME 'n:E05_10'",'n:E05_10',NEMSIS V2 - E05_10 Element - Patient Arrived at Destination Date/Time,datetime,NULL,Yes,2018-02-22 22:44:55.043,2018-04-08 18:23:40.563
PCRTimes,[UnitBackInServiceDateTime],",[UnitBackInServiceDateTime] DATETIME 'n:E05_11'",'n:E05_11',NEMSIS V2 - E05_11 Element - Unit Back in Service Date/Time,datetime,NULL,No,2018-02-22 22:44:55.043,2018-04-08 18:23:40.563
PCRTimes,[UnitCancelledDateTime],",[UnitCancelledDateTime] DATETIME 'n:E05_12'",'n:E05_12',NEMSIS V2 - E05_12 Element - Unit Cancelled Date/Time,datetime,NULL,Yes,2018-02-22 22:44:55.043,2018-04-08 18:23:40.563
PCRTimes,[UnitBackHomeLocationDateTime],",[UnitBackHomeLocationDateTime] DATETIME 'n:E05_13'",'n:E05_13',NEMSIS V2 - E05_13 Element - Unit Back at Home Location Date/Time,datetime,NULL,Yes,2018-02-22 22:44:55.043,2018-04-08 18:23:40.563
PCRPatient,[LastName],",[LastName] VARCHAR(10) 'n:E06_01'",'n:E06_01',NEMSIS V2 - E06_01 Element - Last Name,varchar,10,Yes,2018-02-22 22:44:55.047,2018-04-08 18:23:40.630
PCRPatient,[FirstName],",[FirstName] VARCHAR(10) 'n:E06_02'",'n:E06_02',NEMSIS V2 - E06_02 Element - First Name,varchar,10,Yes,2018-02-22 22:44:55.047,2018-04-08 18:23:40.630
PCRPatient,[MiddleName],",[MiddleName] VARCHAR(10) 'n:E06_03'",'n:E06_03',NEMSIS V2 - E06_03 Element - Middle Initial/Name,varchar,10,Yes,2018-02-22 22:44:55.047,2018-04-08 18:23:40.630
PCRPatient,[HomeAddress],",[HomeAddress] VARCHAR(15) 'n:E06_04'",'n:E06_04',NEMSIS V2 - E06_04 Element - Patient's Home Address,varchar,15,Yes,2018-02-22 22:44:55.047,2018-04-08 18:23:40.630
PCRPatient,[HomeCity],",[HomeCity] VARCHAR(15) 'n:E06_05'",'n:E06_05',NEMSIS V2 - E06_05 Element - Patient's Home City,varchar,15,Yes,2018-02-22 22:44:55.047,2018-04-08 18:23:40.630
PCRPatient,[HomeCounty],",[HomeCounty] VARCHAR(2) 'n:E06_06'",'n:E06_06',NEMSIS V2 - E06_06 Element - Patient's Home County,varchar,2,Yes,2018-02-22 22:44:55.047,2018-04-08 18:23:40.630
PCRPatient,[HomeState],",[HomeState] VARCHAR(1) 'n:E06_07'",'n:E06_07',NEMSIS V2 - E06_07 Element - Patient's Home State,varchar,1,Yes,2018-02-22 22:44:55.047,2018-04-08 18:23:40.630
PCRPatient,[HomeZipCode],",[HomeZipCode] VARCHAR(5) 'n:E06_08'",'n:E06_08',NEMSIS V2 - E06_08 Element - Patient's Home Zip Code,varchar,5,No,2018-02-22 22:44:55.047,2018-04-08 18:23:40.630
PCRPatient,[HomeCountry],",[HomeCountry] VARCHAR(10) 'n:E06_09'",'n:E06_09',NEMSIS V2 - E06_09 Element - Patient’s Home Country,varchar,10,Yes,2018-02-22 22:44:55.047,2018-04-08 18:23:40.630
PCRPatient,[SocialSecurityNumber],",[SocialSecurityNumber] VARCHAR(5) 'n:E06_10'",'n:E06_10',NEMSIS V2 - E06_10 Element - Social Security Number,varchar,5,Yes,2018-02-22 22:44:55.047,2018-04-08 18:23:40.630
PCRPatient,[Gender],",[Gender] INT 'n:E06_11'",'n:E06_11',NEMSIS V2 - E06_11 Element - Gender,int,NULL,No,2018-02-22 22:44:55.047,2018-04-08 18:23:40.630
PCRPatient,[Race],",[Race] INT 'n:E06_12'",'n:E06_12',NEMSIS V2 - E06_12 Element - Race,int,NULL,No,2018-02-22 22:44:55.047,2018-04-08 18:23:40.630
PCRPatient,[Ethnicity],",[Ethnicity] INT 'n:E06_13'",'n:E06_13',NEMSIS V2 - E06_13 Element - Ethnicity,int,NULL,No,2018-02-22 22:44:55.047,2018-04-08 18:23:40.630
PCRPatient,[Age],",[Age] INT 'n:E06_14'",'n:E06_14',NEMSIS V2 - E06_14 Element - Age,int,NULL,Yes,2018-02-22 22:44:55.047,2018-04-08 18:23:40.630
PCRPatient,[AgeUnits],",[AgeUnits] INT 'n:E06_15'",'n:E06_15',NEMSIS V2 - E06_15 Element - Age Units,int,NULL,No,2018-02-22 22:44:55.047,2018-04-08 18:23:40.630
PCRPatient,[DateOfBirth],",[DateOfBirth] DATETIME 'n:E06_16'",'n:E06_16',NEMSIS V2 - E06_16 Element - Date of Birth,datetime,NULL,Yes,2018-02-22 22:44:55.047,2018-04-08 18:23:40.630
PCRPatient,[PrimaryorHomeTelephoneNumber],",[PrimaryorHomeTelephoneNumber] VARCHAR(5) 'n:E06_17'",'n:E06_17',NEMSIS V2 - E06_17 Element - Primary or Home Telephone Number,varchar,5,Yes,2018-02-22 22:44:55.047,2018-04-08 18:23:40.630
PCRPatient,[StateIssuingDriverLicense],",[StateIssuingDriverLicense] VARCHAR(1) 'n:E06_18'",'n:E06_18',NEMSIS V2 - E06_18 Element - State Issuing Driver's License,varchar,1,Yes,2018-02-22 22:44:55.047,2018-04-08 18:23:40.630
PCRPatient,[DriverLicenseNumber],",[DriverLicenseNumber] VARCHAR(15) 'n:E06_19'",'n:E06_19',NEMSIS V2 - E06_19 Element - Driver's License Number,varchar,15,Yes,2018-02-22 22:44:55.047,2018-04-08 18:23:40.630
PCRBilling,[PrimaryPaymentMethod],",[PrimaryPaymentMethod] INT 'n:E07_01'",'n:E07_01',NEMSIS V2 - E07_01 Element - Primary Method of Payment,int,NULL,No,2018-02-22 22:44:55.050,2018-04-08 18:18:14.210
PCRBilling,[CertificateMedicalNecessity],",[CertificateMedicalNecessity] INT 'n:E07_02'",'n:E07_02',NEMSIS V2 - E07_02 Element - Certificate of Medical Necessity,int,NULL,Yes,2018-02-22 22:44:55.050,2018-04-08 18:18:14.210
PCRBillingInsurance,[InsuranceCompanyId],",[InsuranceCompanyId] VARCHAR(15) 'n:E07_03'",'n:E07_03',NEMSIS V2 - E07_03 Element - Insurance Company ID/Name,varchar,15,Yes,2018-02-22 22:44:55.050,2018-04-08 18:16:23.760
PCRBillingInsurance,[InsuranceCompanyBillingPriority],",[InsuranceCompanyBillingPriority] INT 'n:E07_04'",'n:E07_04',NEMSIS V2 - E07_04 Element - Insurance Company Billing Priority,int,NULL,Yes,2018-02-22 22:44:55.050,2018-04-08 18:16:23.760
PCRBillingInsurance,[InsuranceCompanyAddress],",[InsuranceCompanyAddress] VARCHAR(15) 'n:E07_05'",'n:E07_05',NEMSIS V2 - E07_05 Element - Insurance Company Address,varchar,15,Yes,2018-02-22 22:44:55.050,2018-04-08 18:16:23.760
PCRBillingInsurance,[InsuranceCompanyCity],",[InsuranceCompanyCity] VARCHAR(15) 'n:E07_06'",'n:E07_06',NEMSIS V2 - E07_06 Element - Insurance Company City,varchar,15,Yes,2018-02-22 22:44:55.050,2018-04-08 18:16:23.760
PCRBillingInsurance,[InsuranceCompanyState],",[InsuranceCompanyState] VARCHAR(1) 'n:E07_07'",'n:E07_07',NEMSIS V2 - E07_07 Element - Insurance Company State,varchar,1,Yes,2018-02-22 22:44:55.050,2018-04-08 18:16:23.760
PCRBillingInsurance,[InsuranceCompanyZipCode],",[InsuranceCompanyZipCode] VARCHAR(5) 'n:E07_08'",'n:E07_08',NEMSIS V2 - E07_08 Element - Insurance Company Zip Code,varchar,5,Yes,2018-02-22 22:44:55.050,2018-04-08 18:16:23.760
PCRBillingInsurance,[InsuranceGroupId],",[InsuranceGroupId] VARCHAR(15) 'n:E07_09'",'n:E07_09',NEMSIS V2 - E07_09 Element - Insurance Group ID/Name,varchar,15,Yes,2018-02-22 22:44:55.050,2018-04-08 18:16:23.760
PCRBillingInsurance,[InsurancePolicyIdNumber],",[InsurancePolicyIdNumber] VARCHAR(15) 'n:E07_10'",'n:E07_10',NEMSIS V2 - E07_10 Element - Insurance Policy ID Number,varchar,15,Yes,2018-02-22 22:44:55.050,2018-04-08 18:16:23.760
PCRBillingInsurance,[InsuredLastName],",[InsuredLastName] VARCHAR(10) 'n:E07_11'",'n:E07_11',NEMSIS V2 - E07_11 Element - Last Name of the Insured,varchar,10,Yes,2018-02-22 22:44:55.050,2018-04-08 18:16:23.760
PCRBillingInsurance,[InsuredFirstName],",[InsuredFirstName] VARCHAR(10) 'n:E07_12'",'n:E07_12',NEMSIS V2 - E07_12 Element - First Name of the Insured,varchar,10,Yes,2018-02-22 22:44:55.050,2018-04-08 18:16:23.760
PCRBillingInsurance,[InsuredMiddleName],",[InsuredMiddleName] VARCHAR(10) 'n:E07_13'",'n:E07_13',NEMSIS V2 - E07_13 Element - Middle Initial/Name of the Insured,varchar,10,Yes,2018-02-22 22:44:55.050,2018-04-08 18:16:23.760
PCRBillingInsurance,[RelationshipToInsured],",[RelationshipToInsured] INT 'n:E07_14'",'n:E07_14',NEMSIS V2 - E07_14 Element - Relationship to the Insured,int,NULL,Yes,2018-02-22 22:44:55.050,2018-04-08 18:16:23.760
PCRBilling,[WorkRelated],",[WorkRelated] INT 'n:E07_15'",'n:E07_15',NEMSIS V2 - E07_15 Element - Work-Related,int,NULL,Yes,2018-02-22 22:44:55.050,2018-04-08 18:18:14.210
PCRBilling,[PatientOccupationalIndustry],",[PatientOccupationalIndustry] INT 'n:E07_16'",'n:E07_16',NEMSIS V2 - E07_16 Element - Patient’s Occupational Industry,int,NULL,Yes,2018-02-22 22:44:55.050,2018-04-08 18:18:14.210
PCRBilling,[PatientOccupation],",[PatientOccupation] INT 'n:E07_17'",'n:E07_17',NEMSIS V2 - E07_17 Element - Patient’s Occupation,int,NULL,Yes,2018-02-22 22:44:55.050,2018-04-08 18:18:14.210
PCRBillingInsurance,[GuardianLastName],",[GuardianLastName] VARCHAR(10) 'n:E07_18'",'n:E07_18',NEMSIS V2 - E07_18 Element - Closest Relative/Guardian Last Name,varchar,10,Yes,2018-02-22 22:44:55.050,2018-04-08 18:16:23.760
PCRBillingInsurance,[GuardianFirstName],",[GuardianFirstName] VARCHAR(10) 'n:E07_19'",'n:E07_19',NEMSIS V2 - E07_19 Element - First Name of the Closest Relative/Guardian,varchar,10,Yes,2018-02-22 22:44:55.050,2018-04-08 18:16:23.760
PCRBillingInsurance,[GuardianMiddleName],",[GuardianMiddleName] VARCHAR(10) 'n:E07_20'",'n:E07_20',NEMSIS V2 - E07_20 Element - Middle Initial/Name of the Closest Relative/Guardian,varchar,10,Yes,2018-02-22 22:44:55.050,2018-04-08 18:16:23.760
PCRBillingInsurance,[GuardianAddress],",[GuardianAddress] VARCHAR(15) 'n:E07_21'",'n:E07_21',NEMSIS V2 - E07_21 Element - Closest Relative/Guardian Street Address,varchar,15,Yes,2018-02-22 22:44:55.050,2018-04-08 18:16:23.760
PCRBillingInsurance,[GuardianCity],",[GuardianCity] VARCHAR(15) 'n:E07_22'",'n:E07_22',NEMSIS V2 - E07_22 Element - Closest Relative/Guardian City,varchar,15,Yes,2018-02-22 22:44:55.050,2018-04-08 18:16:23.760
PCRBillingInsurance,[GuardianState],",[GuardianState] VARCHAR(1) 'n:E07_23'",'n:E07_23',NEMSIS V2 - E07_23 Element - Closest Relative/Guardian State,varchar,1,Yes,2018-02-22 22:44:55.050,2018-04-08 18:16:23.760
PCRBillingInsurance,[GuardianZipCode],",[GuardianZipCode] VARCHAR(5) 'n:E07_24'",'n:E07_24',NEMSIS V2 - E07_24 Element - Closest Relative/Guardian Zip Code,varchar,5,Yes,2018-02-22 22:44:55.050,2018-04-08 18:16:23.760
PCRBillingInsurance,[GuardianPhoneNumber],",[GuardianPhoneNumber] VARCHAR(5) 'n:E07_25'",'n:E07_25',NEMSIS V2 - E07_25 Element - Closest Relative/Guardian Phone Number,varchar,5,Yes,2018-02-22 22:44:55.050,2018-04-08 18:16:23.760
PCRBillingInsurance,[GuardianRelationship],",[GuardianRelationship] INT 'n:E07_26'",'n:E07_26',NEMSIS V2 - E07_26 Element - Closest Relative/Guardian Relationship,int,NULL,Yes,2018-02-22 22:44:55.050,2018-04-08 18:16:23.760
PCRBillingInsurance,[PatientEmployer],",[PatientEmployer] VARCHAR(15) 'n:E07_27'",'n:E07_27',NEMSIS V2 - E07_27 Element - Patient's Employer,varchar,15,Yes,2018-02-22 22:44:55.050,2018-04-08 18:16:23.760
PCRBillingInsurance,[PatientEmployerAddress],",[PatientEmployerAddress] VARCHAR(15) 'n:E07_28'",'n:E07_28',NEMSIS V2 - E07_28 Element - Patient's Employer's Address,varchar,15,Yes,2018-02-22 22:44:55.050,2018-04-08 18:16:23.760
PCRBillingInsurance,[PatientEmployerCity],",[PatientEmployerCity] VARCHAR(15) 'n:E07_29'",'n:E07_29',NEMSIS V2 - E07_29 Element - Patient’s Employer’s City,varchar,15,Yes,2018-02-22 22:44:55.050,2018-04-08 18:16:23.760
PCRBillingInsurance,[PatientEmployerState],",[PatientEmployerState] VARCHAR(1) 'n:E07_30'",'n:E07_30',NEMSIS V2 - E07_30 Element - Patient’s Employer’s State,varchar,1,Yes,2018-02-22 22:44:55.050,2018-04-08 18:16:23.760
PCRBillingInsurance,[PatientEmployerZipCode],",[PatientEmployerZipCode] VARCHAR(5) 'n:E07_31'",'n:E07_31',NEMSIS V2 - E07_31 Element - Patient’s Employer’s Zip Code,varchar,5,Yes,2018-02-22 22:44:55.050,2018-04-08 18:16:23.760
PCRBilling,[PatientWorkTelephoneNumber],",[PatientWorkTelephoneNumber] VARCHAR(5) 'n:E07_32'",'n:E07_32',NEMSIS V2 - E07_32 Element - Patient's Work Telephone Number,varchar,5,Yes,2018-02-22 22:44:55.050,2018-04-08 18:18:14.210
PCRBilling,[ResponseUrgency],",[ResponseUrgency] INT 'n:E07_33'",'n:E07_33',NEMSIS V2 - E07_33 Element - Response Urgency,int,NULL,Yes,2018-02-22 22:44:55.050,2018-04-08 18:18:14.210
PCRBilling,[CMSServiceLevel],",[CMSServiceLevel] INT 'n:E07_34'",'n:E07_34',NEMSIS V2 - E07_34 Element - CMS Service Level,int,NULL,No,2018-02-22 22:44:55.050,2018-04-08 18:18:14.210
PCRBillingConditionCodes,[CodeNumber],",[CodeNumber] VARCHAR(15) 'n:E07_35'",'n:E07_35',NEMSIS V2 - E07_35 Element - Condition Code Number,varchar,15,No,2018-02-22 22:44:55.053,2018-04-08 18:16:23.823
PCRBillingConditionCodes,[ICD9Code],",[ICD9Code] VARCHAR(15) 'n:E07_36'",'n:E07_36',NEMSIS V2 - E07_36 Element - ICD-9 Code for the Condition Code Number,varchar,15,Yes,2018-02-22 22:44:55.053,2018-04-08 18:16:23.823
PCRBillingConditionCodesModifier,[CodeModifier],",[CodeModifier] INT 'n:E07_37'",'n:E07_37',NEMSIS V2 - E07_37 Element - Condition Code Modifier,int,NULL,No,2018-02-22 22:44:55.057,2018-04-08 18:23:40.703
PCRSceneOtherEMSAgencies,[OtherEMSAgencies],",[OtherEMSAgencies] VARCHAR(15) 'n:E08_01'",'n:E08_01',NEMSIS V2 - E08_01 Element - Other EMS Agencies at Scene,varchar,15,No,2018-04-08 18:30:31.960,2018-04-08 18:30:31.997
PCRSceneOtherServices,[OtherService],",[OtherService] INT 'n:E08_02'",'n:E08_02',NEMSIS V2 - E08_02 Element - Other Services at Scene,int,NULL,No,2018-02-22 22:44:55.067,2018-04-08 18:18:14.223
PCRScene,[EstimatedDateTimeInitialResponderArrived],",[EstimatedDateTimeInitialResponderArrived] INT 'n:E08_03'",'n:E08_03',NEMSIS V2 - E08_03 Element - Estimated Date/Time Initial Responder Arrived on Scene,int,NULL,Yes,2018-02-22 22:44:55.060,2018-04-08 18:18:14.217
PCRScene,[DateTimeInitialResponderArrived],",[DateTimeInitialResponderArrived] DATETIME 'n:E08_04'",'n:E08_04',NEMSIS V2 - E08_04 Element - Date/Time Initial Responder Arrived on Scene,datetime,NULL,Yes,2018-02-22 22:44:55.060,2018-04-08 18:18:14.217
PCRScene,[NumberPatientsScene],",[NumberPatientsScene] INT 'n:E08_05'",'n:E08_05',NEMSIS V2 - E08_05 Element - Number of Patients at Scene,int,NULL,No,2018-02-22 22:44:55.060,2018-04-08 18:18:14.217
PCRScene,[MassCasualtyIncident],",[MassCasualtyIncident] INT 'n:E08_06'",'n:E08_06',NEMSIS V2 - E08_06 Element - Mass Casualty Incident,int,NULL,No,2018-02-22 22:44:55.060,2018-04-08 18:18:14.217
PCRScene,[IncidentLocationType],",[IncidentLocationType] INT 'n:E08_07'",'n:E08_07',NEMSIS V2 - E08_07 Element - Incident Location Type,int,NULL,No,2018-02-22 22:44:55.060,2018-04-08 18:18:14.217
PCRScene,[IncidentFacilityCode],",[IncidentFacilityCode] VARCHAR(15) 'n:E08_08'",'n:E08_08',NEMSIS V2 - E08_08 Element - Incident Facility Code,varchar,15,Yes,2018-02-22 22:44:55.060,2018-04-08 18:18:14.217
PCRScene,[SceneZoneNumber],",[SceneZoneNumber] VARCHAR(15) 'n:E08_09'",'n:E08_09',NEMSIS V2 - E08_09 Element - Scene Zone Number,varchar,15,Yes,2018-02-22 22:44:55.060,2018-04-08 18:18:14.217
PCRScene,[SceneGPSLocationLatitude],",[SceneGPSLocationLatitude] DECIMAL 'n:E08_10'",'n:E08_10',NEMSIS V2 - E08_10 Element - Scene GPS Location,decimal,NULL,Yes,2018-02-22 22:44:55.060,2018-04-08 18:18:14.217
PCRScene,[SceneGPSLocationLongitude],",[SceneGPSLocationLongitude] DECIMAL 'n:E08_10'",'n:E08_10',NEMSIS V2 - E08_10 Element - Scene GPS Location,decimal,NULL,Yes,2018-02-22 22:44:55.060,2018-04-08 18:18:14.217
PCRScene,[IncidentAddress],",[IncidentAddress] VARCHAR(15) 'n:E08_11'",'n:E08_11',NEMSIS V2 - E08_11 Element - Incident Address,varchar,15,Yes,2018-02-22 22:44:55.060,2018-04-08 18:18:14.217
PCRScene,[IncidentCity],",[IncidentCity] VARCHAR(15) 'n:E08_12'",'n:E08_12',NEMSIS V2 - E08_12 Element - Incident City,varchar,15,Yes,2018-02-22 22:44:55.060,2018-04-08 18:18:14.217
PCRScene,[IncidentCounty],",[IncidentCounty] VARCHAR(2) 'n:E08_13'",'n:E08_13',NEMSIS V2 - E08_13 Element - Incident County,varchar,2,Yes,2018-02-22 22:44:55.060,2018-04-08 18:18:14.217
PCRScene,[IncidentState],",[IncidentState] VARCHAR(1) 'n:E08_14'",'n:E08_14',NEMSIS V2 - E08_14 Element - Incident State,varchar,1,Yes,2018-02-22 22:44:55.060,2018-04-08 18:18:14.217
PCRScene,[IncidentZipCode],",[IncidentZipCode] VARCHAR(5) 'n:E08_15'",'n:E08_15',NEMSIS V2 - E08_15 Element - Incident ZIP Code,varchar,5,No,2018-02-22 22:44:55.060,2018-04-08 18:18:14.217
PCRSituationPriorAid,[PriorAid],",[PriorAid] VARCHAR(15) 'n:E09_01'",'n:E09_01',NEMSIS V2 - E09_01 Element - Prior Aid,varchar,15,No,2018-04-08 18:30:32.037,2018-04-08 18:30:32.070
PCRSituationPriorAidPerformedBy,[PriorAidPerformedBy],",[PriorAidPerformedBy] INT 'n:E09_02'",'n:E09_02',NEMSIS V2 - E09_02 Element - Prior Aid Performed By,int,NULL,No,2018-04-08 18:27:12.090,2018-04-08 18:27:12.233
PCRSituation,[PriorAidOutcome],",[PriorAidOutcome] INT 'n:E09_03'",'n:E09_03',NEMSIS V2 - E09_03 Element - Outcome of the Prior Aid,int,NULL,No,2018-02-22 22:44:55.067,2018-04-08 18:18:14.230
PCRSituation,[PossibleInjury],",[PossibleInjury] INT 'n:E09_04'",'n:E09_04',NEMSIS V2 - E09_04 Element - Possible Injury,int,NULL,No,2018-02-22 22:44:55.067,2018-04-08 18:18:14.230
PCRSituation,[ChiefComplaint],",[ChiefComplaint] VARCHAR(25) 'n:E09_05'",'n:E09_05',NEMSIS V2 - E09_05 Element - Chief Complaint,varchar,25,Yes,2018-02-22 22:44:55.067,2018-04-08 18:18:14.230
PCRSituation,[DurationChiefComplaint],",[DurationChiefComplaint] INT 'n:E09_06'",'n:E09_06',NEMSIS V2 - E09_06 Element - Duration of Chief Complaint,int,NULL,Yes,2018-02-22 22:44:55.067,2018-04-08 18:18:14.230
PCRSituation,[TimeChiefComplaintUnitsDuration],",[TimeChiefComplaintUnitsDuration] INT 'n:E09_07'",'n:E09_07',NEMSIS V2 - E09_07 Element - Time Units of Duration of Chief Complaint,int,NULL,Yes,2018-02-22 22:44:55.067,2018-04-08 18:18:14.230
PCRSituation,[SecondaryComplaintNarrative],",[SecondaryComplaintNarrative] VARCHAR(25) 'n:E09_08'",'n:E09_08',NEMSIS V2 - E09_08 Element - Secondary Complaint Narrative,varchar,25,Yes,2018-02-22 22:44:55.067,2018-04-08 18:18:14.230
PCRSituation,[DurationSecondaryComplaint],",[DurationSecondaryComplaint] INT 'n:E09_09'",'n:E09_09',NEMSIS V2 - E09_09 Element - Duration of Secondary Complaint,int,NULL,Yes,2018-02-22 22:44:55.067,2018-04-08 18:18:14.230
PCRSituation,[TimeUnitsDurationSecondaryComplaint],",[TimeUnitsDurationSecondaryComplaint] INT 'n:E09_10'",'n:E09_10',NEMSIS V2 - E09_10 Element - Time Units of Duration of Secondary Complaint,int,NULL,Yes,2018-02-22 22:44:55.067,2018-04-08 18:18:14.230
PCRSituation,[ChiefComplaintAnatomicLocation],",[ChiefComplaintAnatomicLocation] INT 'n:E09_11'",'n:E09_11',NEMSIS V2 - E09_11 Element - Chief Complaint Anatomic Location,int,NULL,No,2018-02-22 22:44:55.067,2018-04-08 18:18:14.230
PCRSituation,[ChiefComplaintOrganSystem],",[ChiefComplaintOrganSystem] INT 'n:E09_12'",'n:E09_12',NEMSIS V2 - E09_12 Element - Chief Complaint Organ System,int,NULL,No,2018-02-22 22:44:55.067,2018-04-08 18:18:14.230
PCRSituation,[PrimarySymptom],",[PrimarySymptom] INT 'n:E09_13'",'n:E09_13',NEMSIS V2 - E09_13 Element - Primary Symptom,int,NULL,No,2018-02-22 22:44:55.067,2018-04-08 18:18:14.230
PCRSituationOtherSymptoms,[OtherAssociatedSymptom],",[OtherAssociatedSymptom] INT 'n:E09_14'",'n:E09_14',NEMSIS V2 - E09_14 Element - Other Associated Symptoms,int,NULL,No,2018-04-08 18:30:32.103,2018-04-08 18:30:32.137
PCRSituation,[ProvidersPrimaryImpression],",[ProvidersPrimaryImpression] INT 'n:E09_15'",'n:E09_15',NEMSIS V2 - E09_15 Element - Provider's Primary Impression,int,NULL,No,2018-02-22 22:44:55.067,2018-04-08 18:18:14.230
PCRSituation,[ProvidersSecondaryImpression],",[ProvidersSecondaryImpression] INT 'n:E09_16'",'n:E09_16',NEMSIS V2 - E09_16 Element - Provider’s Secondary Impression,int,NULL,No,2018-02-22 22:44:55.067,2018-04-08 18:18:14.230
PCRTrauma,[InjuryCause],",[InjuryCause] INT 'n:E10_01'",'n:E10_01',NEMSIS V2 - E10_01 Element - Cause of Injury,int,NULL,No,2018-04-08 18:27:12.290,2018-04-08 18:27:12.323
PCRTrauma,[InjuryIntent],",[InjuryIntent] INT 'n:E10_02'",'n:E10_02',NEMSIS V2 - E10_02 Element - Intent of the Injury,int,NULL,Yes,2018-04-08 18:27:12.290,2018-04-08 18:27:12.323
PCRTraumaInjuryMechanism,[InjuryMechanism],",[InjuryMechanism] VARCHAR(127) 'n:E10_03'",'n:E10_03',NEMSIS V2 - E10_03 Element - Mechanism of Injury,varchar,127,No,2018-02-22 22:44:55.080,2018-04-08 18:18:14.240
PCRTraumaRiskFactorPredictors,[VehicularInjuryIndicator],",[VehicularInjuryIndicator] INT 'n:E10_04'",'n:E10_04',NEMSIS V2 - E10_04 Element - Vehicular Injury Indicators,int,NULL,No,2018-04-08 18:30:32.173,2018-04-08 18:30:32.207
PCRTraumaVehicleImpactLocation,[AreaVehicleImpacted],",[AreaVehicleImpacted] INT 'n:E10_05'",'n:E10_05',NEMSIS V2 - E10_05 Element - Area of the Vehicle impacted by the collision,int,NULL,No,2018-02-22 22:44:55.087,2018-04-08 18:16:23.893
PCRTrauma,[SeatRowLocation],",[SeatRowLocation] INT 'n:E10_06'",'n:E10_06',NEMSIS V2 - E10_06 Element - Seat Row Location of Patient in Vehicle,int,NULL,Yes,2018-04-08 18:27:12.290,2018-04-08 18:27:12.323
PCRTrauma,[PatientSeatPosition],",[PatientSeatPosition] INT 'n:E10_07'",'n:E10_07',NEMSIS V2 - E10_07 Element - Position of Patient in the Seat of the Vehicle,int,NULL,Yes,2018-04-08 18:27:12.290,2018-04-08 18:27:12.323
PCRTraumaOccupantSafetyEquipment,[OccupantSafetyEquipment],",[OccupantSafetyEquipment] INT 'n:E10_08'",'n:E10_08',NEMSIS V2 - E10_08 Element - Use of Occupant Safety Equipment,int,NULL,No,2018-02-22 22:44:55.090,2018-04-08 18:23:41.180
PCRTraumaAirbagDeployment,[AirbagDeployment],",[AirbagDeployment] INT 'n:E10_09'",'n:E10_09',NEMSIS V2 - E10_09 Element - Airbag Deployment,int,NULL,No,2018-04-08 18:30:32.243,2018-04-08 18:30:32.277
PCRTrauma,[FallHeight],",[FallHeight] INT 'n:E10_10'",'n:E10_10',NEMSIS V2 - E10_10 Element - Height of Fall,int,NULL,Yes,2018-04-08 18:27:12.290,2018-04-08 18:27:12.323
PCRCPR,[CardiacArrest],",[CardiacArrest] INT 'n:E11_01'",'n:E11_01',NEMSIS V2 - E11_01 Element - Cardiac Arrest,int,NULL,No,2018-04-08 18:30:32.317,2018-04-08 18:30:32.350
PCRCPR,[CardiacArrestEtiology],",[CardiacArrestEtiology] INT 'n:E11_02'",'n:E11_02',NEMSIS V2 - E11_02 Element - Cardiac Arrest Etiology,int,NULL,No,2018-04-08 18:30:32.317,2018-04-08 18:30:32.350
PCRCPRIndicationAttemptResuscitate,[ResuscitationAttempted],",[ResuscitationAttempted] VARCHAR(127) 'n:E11_03'",'n:E11_03',NEMSIS V2 - E11_03 Element - Resuscitation Attempted,varchar,127,No,2018-04-08 18:30:32.417,2018-04-08 18:30:32.450
PCRCPR,[ArrestWitnessedBy],",[ArrestWitnessedBy] INT 'n:E11_04'",'n:E11_04',NEMSIS V2 - E11_04 Element - Arrest Witnessed by,int,NULL,Yes,2018-04-08 18:30:32.317,2018-04-08 18:30:32.350
PCRCPR,[FirstMonitoredRhythm],",[FirstMonitoredRhythm] INT 'n:E11_05'",'n:E11_05',NEMSIS V2 - E11_05 Element - First Monitored Rhythm of the  Patient,int,NULL,Yes,2018-04-08 18:30:32.317,2018-04-08 18:30:32.350
PCRCPR,[AnyReturnSpontaneousCirculation],",[AnyReturnSpontaneousCirculation] INT 'n:E11_06'",'n:E11_06',NEMSIS V2 - E11_06 Element - Any Return of Spontaneous Circulation,int,NULL,Yes,2018-04-08 18:30:32.317,2018-04-08 18:30:32.350
PCRCPR,[NeurologicalOutcome],",[NeurologicalOutcome] INT 'n:E11_07'",'n:E11_07',NEMSIS V2 - E11_07 Element - Neurological Outcome at Hospital Discharge,int,NULL,Yes,2018-04-08 18:30:32.317,2018-04-08 18:30:32.350
PCRCPR,[EstimatedTimeArrestPriorEMSArrival],",[EstimatedTimeArrestPriorEMSArrival] INT 'n:E11_08'",'n:E11_08',NEMSIS V2 - E11_08 Element - Estimated Time of  Arrest Prior to EMS Arrival,int,NULL,Yes,2018-04-08 18:30:32.317,2018-04-08 18:30:32.350
PCRCPR,[DateTimeResuscitationDiscontinued],",[DateTimeResuscitationDiscontinued] DATETIME 'n:E11_09'",'n:E11_09',NEMSIS V2 - E11_09 Element - Date/Time Resuscitation Discontinued,datetime,NULL,Yes,2018-04-08 18:30:32.317,2018-04-08 18:30:32.350
PCRCPR,[ReasonCPRDiscontinued],",[ReasonCPRDiscontinued] INT 'n:E11_10'",'n:E11_10',NEMSIS V2 - E11_10 Element - Reason CPR Discontinued,int,NULL,Yes,2018-04-08 18:30:32.317,2018-04-08 18:30:32.350
PCRCPRCardiacRhythmDelivery,[CardiacRhythmDestination],",[CardiacRhythmDestination] VARCHAR(127) 'n:E11_11'",'n:E11_11',NEMSIS V2 - E11_11 Element - Cardiac Rhythm on Arrival at Destination,varchar,127,Yes,2018-02-22 22:44:55.100,2018-04-08 18:18:14.253
PCRMedicalHistoryPatientBarriers,[BarriersPatientCare],",[BarriersPatientCare] INT 'n:E12_01'",'n:E12_01',NEMSIS V2 - E12_01 Element - Barriers to Patient Care,int,NULL,No,2018-02-22 22:44:55.103,2018-04-08 18:18:14.327
PCRMedicalHistory,[SendingFacilityMRNumber],",[SendingFacilityMRNumber] VARCHAR(15) 'n:E12_02'",'n:E12_02',NEMSIS V2 - E12_02 Element - Sending Facility Medical Record Number,varchar,15,Yes,2018-04-08 18:30:32.490,2018-04-08 18:30:32.523
PCRMedicalHistory,[DestinationMRNumber],",[DestinationMRNumber] VARCHAR(15) 'n:E12_03'",'n:E12_03',NEMSIS V2 - E12_03 Element - Destination Medical Record Number,varchar,15,Yes,2018-04-08 18:30:32.490,2018-04-08 18:30:32.523
PCRMedicalHistory,[PrimaryPractitionerFirstName],",[PrimaryPractitionerFirstName] VARCHAR(10) 'n:E12_04'",'n:E12_04',NEMSIS V2 - E12_04 Element - First Name of Patient's Primary Practitioner,varchar,10,Yes,2018-04-08 18:30:32.490,2018-04-08 18:30:32.523
PCRMedicalHistory,[PrimaryPractitionerMiddleName],",[PrimaryPractitionerMiddleName] VARCHAR(10) 'n:E12_05'",'n:E12_05',NEMSIS V2 - E12_05 Element - Middle Name of Patient's Primary Practitioner,varchar,10,Yes,2018-04-08 18:30:32.490,2018-04-08 18:30:32.523
PCRMedicalHistory,[PrimaryPractitionerLastName],",[PrimaryPractitionerLastName] VARCHAR(10) 'n:E12_06'",'n:E12_06',NEMSIS V2 - E12_06 Element - Last Name of Patient's Primary Practitioner,varchar,10,Yes,2018-04-08 18:30:32.490,2018-04-08 18:30:32.523
PCRMedicalHistoryLivingWill,[AdvancedDirective],",[AdvancedDirective] INT 'n:E12_07'",'n:E12_07',NEMSIS V2 - E12_07 Element - Advanced Directives,int,NULL,No,2018-02-22 22:44:55.107,2018-04-08 18:23:41.563
PCRMedicalHistoryMedicationAllergies,[MedicationAllergy],",[MedicationAllergy] VARCHAR(15) 'n:E12_08'",'n:E12_08',NEMSIS V2 - E12_08 Element - Medication Allergies,varchar,15,No,2018-02-22 22:44:55.110,2018-04-08 18:16:23.957
PCRMedicalHistoryAllergies,[EnvironmentalFoodAllergy],",[EnvironmentalFoodAllergy] INT 'n:E12_09'",'n:E12_09',NEMSIS V2 - E12_09 Element - Environmental/Food Allergies,int,NULL,No,2018-02-22 22:44:55.110,2018-04-08 18:16:24.033
MedicalHistoryPreexistingMedicalSurgery,[MedicalSurgicalHistory],",[MedicalSurgicalHistory] VARCHAR(15) 'n:E12_10'",'n:E12_10',NEMSIS V2 - E12_10 Element - Medical/Surgical History,varchar,15,No,2018-02-22 22:44:55.113,2018-04-08 18:18:14.410
PCRMedicalHistory,[MedicalHistoryObtainedFrom],",[MedicalHistoryObtainedFrom] INT 'n:E12_11'",'n:E12_11',NEMSIS V2 - E12_11 Element - Medical History Obtained From,int,NULL,Yes,2018-04-08 18:30:32.490,2018-04-08 18:30:32.523
PCRMedicalHistoryImmunizationDetails,[ImmunizationHistory],",[ImmunizationHistory] INT 'n:E12_12'",'n:E12_12',NEMSIS V2 - E12_12 Element - Immunization History,int,NULL,No,2018-02-22 22:44:55.117,2018-04-08 18:18:14.473
PCRMedicalHistoryImmunizationDetails,[ImmunizationDate],",[ImmunizationDate] INT 'n:E12_13'",'n:E12_13',NEMSIS V2 - E12_13 Element - Immunization Date,int,NULL,Yes,2018-02-22 22:44:55.117,2018-04-08 18:18:14.473
PCRMedicalHistoryCurrentMedication,[CurrentMedication],",[CurrentMedication] VARCHAR(15) 'n:E12_14'",'n:E12_14',NEMSIS V2 - E12_14 Element - Current Medications,varchar,15,No,2018-04-08 18:27:12.357,2018-04-08 18:27:12.390
PCRMedicalHistoryCurrentMedication,[CurrentMedicationDose],",[CurrentMedicationDose] DECIMAL 'n:E12_15'",'n:E12_15',NEMSIS V2 - E12_15 Element - Current Medication Dose,decimal,NULL,Yes,2018-04-08 18:27:12.357,2018-04-08 18:27:12.390
PCRMedicalHistoryCurrentMedication,[CurrentMedicationDosageUnit],",[CurrentMedicationDosageUnit] INT 'n:E12_16'",'n:E12_16',NEMSIS V2 - E12_16 Element - Current Medication Dosage Unit,int,NULL,Yes,2018-04-08 18:27:12.357,2018-04-08 18:27:12.390
PCRMedicalHistoryCurrentMedication,[CurrentMedicationAdministrationRoute],",[CurrentMedicationAdministrationRoute] INT 'n:E12_17'",'n:E12_17',NEMSIS V2 - E12_17 Element - Current Medication Administration Route,int,NULL,Yes,2018-04-08 18:27:12.357,2018-04-08 18:27:12.390
PCRMedicalHistory,[PresenceEmergencyInformationForm],",[PresenceEmergencyInformationForm] INT 'n:E12_18'",'n:E12_18',NEMSIS V2 - E12_18 Element - Presence of Emergency Information Form,int,NULL,Yes,2018-04-08 18:30:32.490,2018-04-08 18:30:32.523
PCRMedicalHistoryAlcoholDrugIndicators,[AlcoholDrugUseIndicator],",[AlcoholDrugUseIndicator] INT 'n:E12_19'",'n:E12_19',NEMSIS V2 - E12_19 Element - Alcohol/Drug Use Indicators,int,NULL,No,2018-02-22 22:44:55.120,2018-04-08 18:18:14.540
PCRMedicalHistory,[Pregnancy],",[Pregnancy] INT 'n:E12_20'",'n:E12_20',NEMSIS V2 - E12_20 Element - Pregnancy,int,NULL,Yes,2018-04-08 18:30:32.490,2018-04-08 18:30:32.523
PCRNarrative,[RunReportNarrative],",[RunReportNarrative] VARCHAR(2000) 'n:E13_01'",'n:E13_01',NEMSIS V2 - E13_01 Element - Run Report Narrative,varchar,2000,No,2018-04-08 18:30:32.560,2018-04-08 18:30:32.593
PCRVitalSignsAssessment,[DateTimeVitalSignsTaken],",[DateTimeVitalSignsTaken] DATETIME 'n:E14_01'",'n:E14_01',NEMSIS V2 - E14_01 Element - Date/Time Vital Signs Taken,datetime,NULL,Yes,2018-04-08 18:30:32.630,2018-04-08 18:30:32.670
PCRVitalSignsAssessment,[ObtainedPriorUnitsEMSCare],",[ObtainedPriorUnitsEMSCare] INT 'n:E14_02'",'n:E14_02',NEMSIS V2 - E14_02 Element - Obtained Prior to this Units EMS Care,int,NULL,Yes,2018-04-08 18:30:32.630,2018-04-08 18:30:32.670
PCRVitalSignsAssessmentInitialCardiacRhythm,[CardiacRhythm],",[CardiacRhythm] VARCHAR(127) 'n:E14_03'",'n:E14_03',NEMSIS V2 - E14_03 Element - Cardiac Rhythm,varchar,127,No,2018-02-22 22:44:55.127,2018-04-08 18:16:24.110
PCRVitalSignsAssessment,[SystolicBloodPressure],",[SystolicBloodPressure] INT 'n:E14_04'",'n:E14_04',NEMSIS V2 - E14_04 Element - SBP (Systolic Blood Pressure),int,NULL,Yes,2018-04-08 18:30:32.630,2018-04-08 18:30:32.670
PCRVitalSignsAssessment,[DiastolicBloodPressure],",[DiastolicBloodPressure] INT 'n:E14_05'",'n:E14_05',NEMSIS V2 - E14_05 Element - DBP (Diastolic Blood Pressure),int,NULL,Yes,2018-04-08 18:30:32.630,2018-04-08 18:30:32.670
PCRVitalSignsAssessment,[MethodBloodPressureMeasurement],",[MethodBloodPressureMeasurement] INT 'n:E14_06'",'n:E14_06',NEMSIS V2 - E14_06 Element - Method of Blood Pressure Measurement,int,NULL,Yes,2018-04-08 18:30:32.630,2018-04-08 18:30:32.670
PCRVitalSignsAssessment,[PulseRate],",[PulseRate] INT 'n:E14_07'",'n:E14_07',NEMSIS V2 - E14_07 Element - Pulse Rate,int,NULL,Yes,2018-04-08 18:30:32.630,2018-04-08 18:30:32.670
PCRVitalSignsAssessment,[ElectronicMonitorRate],",[ElectronicMonitorRate] INT 'n:E14_08'",'n:E14_08',NEMSIS V2 - E14_08 Element - Electronic Monitor Rate,int,NULL,Yes,2018-04-08 18:30:32.630,2018-04-08 18:30:32.670
PCRVitalSignsAssessment,[PulseOximetry],",[PulseOximetry] INT 'n:E14_09'",'n:E14_09',NEMSIS V2 - E14_09 Element - Pulse Oximetry,int,NULL,Yes,2018-04-08 18:30:32.630,2018-04-08 18:30:32.670
PCRVitalSignsAssessment,[PulseRhythm],",[PulseRhythm] INT 'n:E14_10'",'n:E14_10',NEMSIS V2 - E14_10 Element - Pulse Rhythm,int,NULL,Yes,2018-04-08 18:30:32.630,2018-04-08 18:30:32.670
PCRVitalSignsAssessment,[RespiratoryRate],",[RespiratoryRate] INT 'n:E14_11'",'n:E14_11',NEMSIS V2 - E14_11 Element - Respiratory Rate,int,NULL,Yes,2018-04-08 18:30:32.630,2018-04-08 18:30:32.670
PCRVitalSignsAssessment,[RespiratoryEffort],",[RespiratoryEffort] INT 'n:E14_12'",'n:E14_12',NEMSIS V2 - E14_12 Element - Respiratory Effort,int,NULL,Yes,2018-04-08 18:30:32.630,2018-04-08 18:30:32.670
PCRVitalSignsAssessment,[CarbonDioxide],",[CarbonDioxide] INT 'n:E14_13'",'n:E14_13',NEMSIS V2 - E14_13 Element - Carbon Dioxide,int,NULL,Yes,2018-04-08 18:30:32.630,2018-04-08 18:30:32.670
PCRVitalSignsAssessment,[BloodGlucoseLevel],",[BloodGlucoseLevel] INT 'n:E14_14'",'n:E14_14',NEMSIS V2 - E14_14 Element - Blood Glucose Level,int,NULL,Yes,2018-04-08 18:30:32.630,2018-04-08 18:30:32.670
PCRVitalSignsAssessment,[GlasgowComaScoreEye],",[GlasgowComaScoreEye] INT 'n:E14_15'",'n:E14_15',NEMSIS V2 - E14_15 Element - Glasgow Coma Score-Eye,int,NULL,Yes,2018-04-08 18:30:32.630,2018-04-08 18:30:32.670
PCRVitalSignsAssessment,[GlasgowComaScoreVerbal],",[GlasgowComaScoreVerbal] INT 'n:E14_16'",'n:E14_16',NEMSIS V2 - E14_16 Element - Glasgow Coma Score-Verbal,int,NULL,Yes,2018-04-08 18:30:32.630,2018-04-08 18:30:32.670
PCRVitalSignsAssessment,[GlasgowComaScoreMotor],",[GlasgowComaScoreMotor] INT 'n:E14_17'",'n:E14_17',NEMSIS V2 - E14_17 Element - Glasgow Coma Score-Motor,int,NULL,Yes,2018-04-08 18:30:32.630,2018-04-08 18:30:32.670
PCRVitalSignsAssessment,[GlasgowComaScoreQualifier],",[GlasgowComaScoreQualifier] INT 'n:E14_18'",'n:E14_18',NEMSIS V2 - E14_18 Element - Glasgow Coma Score-Qualifier,int,NULL,Yes,2018-04-08 18:30:32.630,2018-04-08 18:30:32.670
PCRVitalSignsAssessment,[TotalGlasgowComaScore],",[TotalGlasgowComaScore] INT 'n:E14_19'",'n:E14_19',NEMSIS V2 - E14_19 Element - Total Glasgow Coma Score,int,NULL,Yes,2018-04-08 18:30:32.630,2018-04-08 18:30:32.670
PCRVitalSignsAssessment,[Temperature],",[Temperature] DECIMAL 'n:E14_20'",'n:E14_20',NEMSIS V2 - E14_20 Element - Temperature,decimal,NULL,Yes,2018-04-08 18:30:32.630,2018-04-08 18:30:32.670
PCRVitalSignsAssessment,[TemperatureMethod],",[TemperatureMethod] INT 'n:E14_21'",'n:E14_21',NEMSIS V2 - E14_21 Element - Temperature Method,int,NULL,Yes,2018-04-08 18:30:32.630,2018-04-08 18:30:32.670
PCRVitalSignsAssessment,[LevelOfResponsiveness],",[LevelOfResponsiveness] INT 'n:E14_22'",'n:E14_22',NEMSIS V2 - E14_22 Element - Level of Responsiveness,int,NULL,Yes,2018-04-08 18:30:32.630,2018-04-08 18:30:32.670
PCRVitalSignsAssessment,[PainScale],",[PainScale] INT 'n:E14_23'",'n:E14_23',NEMSIS V2 - E14_23 Element - Pain Scale,int,NULL,Yes,2018-04-08 18:30:32.630,2018-04-08 18:30:32.670
PCRVitalSignsAssessment,[StrokeScale],",[StrokeScale] INT 'n:E14_24'",'n:E14_24',NEMSIS V2 - E14_24 Element - Stroke Scale,int,NULL,Yes,2018-04-08 18:30:32.630,2018-04-08 18:30:32.670
PCRVitalSignsAssessment,[ThrombolyticScreen],",[ThrombolyticScreen] INT 'n:E14_25'",'n:E14_25',NEMSIS V2 - E14_25 Element - Thrombolytic Screen,int,NULL,Yes,2018-04-08 18:30:32.630,2018-04-08 18:30:32.670
PCRVitalSignsAssessment,[APGAR],",[APGAR] INT 'n:E14_26'",'n:E14_26',NEMSIS V2 - E14_26 Element - APGAR,int,NULL,Yes,2018-04-08 18:30:32.630,2018-04-08 18:30:32.670
PCRVitalSignsAssessment,[RevisedTraumaScore],",[RevisedTraumaScore] INT 'n:E14_27'",'n:E14_27',NEMSIS V2 - E14_27 Element - Revised Trauma Score,int,NULL,Yes,2018-04-08 18:30:32.630,2018-04-08 18:30:32.670
PCRVitalSignsAssessment,[PediatricTraumaScore],",[PediatricTraumaScore] INT 'n:E14_28'",'n:E14_28',NEMSIS V2 - E14_28 Element - Pediatric Trauma Score,int,NULL,Yes,2018-04-08 18:30:32.630,2018-04-08 18:30:32.670
PCRAssessmentExam,[EstimatedBodyWeight],",[EstimatedBodyWeight] DECIMAL 'n:E16_01'",'n:E16_01',NEMSIS V2 - E16_01 Element - Estimated Body Weight,decimal,NULL,Yes,2018-02-22 22:44:55.130,2018-04-08 18:23:41.850
PCRAssessmentExam,[BroselowLutenColor],",[BroselowLutenColor] INT 'n:E16_02'",'n:E16_02',NEMSIS V2 - E16_02 Element - Broselow/Luten Color,int,NULL,Yes,2018-02-22 22:44:55.130,2018-04-08 18:23:41.850
PCRAssessmentExamsDifferent,[AssessmentDateTime],",[AssessmentDateTime] DATETIME 'n:E16_03'",'n:E16_03',NEMSIS V2 - E16_03 Element - Date/Time of Assessment,datetime,NULL,Yes,2018-04-08 18:30:32.710,2018-04-08 18:30:32.743
PCRIntervention,[ProtocolUsed],",[ProtocolUsed] VARCHAR(50) 'n:E17_01'",'n:E17_01',NEMSIS V2 - E17_01 Element - Protocols Used,varchar,50,No,2018-04-08 18:27:12.443,2018-04-08 18:27:12.477
PCRInterventionMedicationComplications,[PCRInterventionMedicationId],",[PCRInterventionMedicationId] INT 'n:E18 - '",'n:E18 - ',NEMSIS V2 - E18 - Intervention Medications,int,NULL,No,2018-02-22 22:44:55.140,2018-04-08 18:18:14.677
PCRInterventionMedications,[AdministeredDateTime],",[AdministeredDateTime] DATETIME 'n:E18_01'",'n:E18_01',NEMSIS V2 - E18_01 Element - Date/Time Medication Administered,datetime,NULL,Yes,2018-02-22 22:44:55.140,2018-04-08 18:18:14.607
PCRInterventionMedications,[AdministeredPriorUnitsEMSCare],",[AdministeredPriorUnitsEMSCare] INT 'n:E18_02'",'n:E18_02',NEMSIS V2 - E18_02 Element - Medication Administered Prior to this Units EMS Care,int,NULL,Yes,2018-02-22 22:44:55.140,2018-04-08 18:18:14.607
PCRInterventionMedications,[MedicationGiven],",[MedicationGiven] VARCHAR(15) 'n:E18_03'",'n:E18_03',NEMSIS V2 - E18_03 Element - Medication Given,varchar,15,No,2018-02-22 22:44:55.140,2018-04-08 18:18:14.607
PCRInterventionMedications,[AdministeredRoute],",[AdministeredRoute] INT 'n:E18_04'",'n:E18_04',NEMSIS V2 - E18_04 Element - Medication Administered Route,int,NULL,Yes,2018-02-22 22:44:55.140,2018-04-08 18:18:14.607
PCRInterventionMedications,[Dosage],",[Dosage] DECIMAL 'n:E18_05'",'n:E18_05',NEMSIS V2 - E18_05 Element - Medication Dosage,decimal,NULL,Yes,2018-02-22 22:44:55.140,2018-04-08 18:18:14.607
PCRInterventionMedications,[DosageUnits],",[DosageUnits] INT 'n:E18_06'",'n:E18_06',NEMSIS V2 - E18_06 Element - Medication Dosage Units,int,NULL,Yes,2018-02-22 22:44:55.140,2018-04-08 18:18:14.607
PCRInterventionMedications,[Response],",[Response] INT 'n:E18_07'",'n:E18_07',NEMSIS V2 - E18_07 Element - Response to Medication,int,NULL,Yes,2018-02-22 22:44:55.140,2018-04-08 18:18:14.607
PCRInterventionMedicationComplications,[MedicationComplication],",[MedicationComplication] INT 'n:E18_08'",'n:E18_08',NEMSIS V2 - E18_08 Element - Medication Complication,int,NULL,No,2018-02-22 22:44:55.140,2018-04-08 18:18:14.677
PCRInterventionMedications,[CrewMemberId],",[CrewMemberId] VARCHAR(7) 'n:E18_09'",'n:E18_09',NEMSIS V2 - E18_09 Element - Medication Crew Member ID,varchar,7,Yes,2018-02-22 22:44:55.140,2018-04-08 18:18:14.607
PCRInterventionMedications,[Authorization],",[Authorization] INT 'n:E18_10'",'n:E18_10',NEMSIS V2 - E18_10 Element - Medication Authorization,int,NULL,Yes,2018-02-22 22:44:55.140,2018-04-08 18:18:14.607
PCRInterventionMedications,[AuthorizingPhysician],",[AuthorizingPhysician] VARCHAR(10) 'n:E18_11'",'n:E18_11',NEMSIS V2 - E18_11 Element - Medication Authorizing Physician,varchar,10,Yes,2018-02-22 22:44:55.140,2018-04-08 18:18:14.607
PCRInterventionProceduresPerformedComplications,[PCRInterventionProceduresPerformedId],",[PCRInterventionProceduresPerformedId] INT 'n:E19 - '",'n:E19 - ',NEMSIS V2 - E19 - Intervention Procedures Performed,int,NULL,No,2018-02-22 22:44:55.147,2018-04-08 18:23:42.130
PCRInterventionProceduresPerformed,[PerformedSuccessfullyDateTime],",[PerformedSuccessfullyDateTime] DATETIME 'n:E19_01'",'n:E19_01',NEMSIS V2 - E19_01 Element - Date/Time Procedure Performed Successfully,datetime,NULL,Yes,2018-02-22 22:44:55.143,2018-04-08 18:23:42.060
PCRInterventionProceduresPerformed,[PerformedPriorToUnitsEMSCare],",[PerformedPriorToUnitsEMSCare] INT 'n:E19_02'",'n:E19_02',NEMSIS V2 - E19_02 Element - Procedure Performed Prior to this Units EMS Care,int,NULL,Yes,2018-02-22 22:44:55.143,2018-04-08 18:23:42.060
PCRInterventionProceduresPerformed,[Procedure],",[Procedure] VARCHAR(127) 'n:E19_03'",'n:E19_03',NEMSIS V2 - E19_03 Element - Procedure,varchar,127,No,2018-02-22 22:44:55.143,2018-04-08 18:23:42.060
PCRInterventionProceduresPerformed,[EquipmentSize],",[EquipmentSize] VARCHAR(10) 'n:E19_04'",'n:E19_04',NEMSIS V2 - E19_04 Element - Size of Procedure Equipment,varchar,10,Yes,2018-02-22 22:44:55.143,2018-04-08 18:23:42.060
PCRInterventionProceduresPerformed,[NumberOfAttempts],",[NumberOfAttempts] VARCHAR(127) 'n:E19_05'",'n:E19_05',NEMSIS V2 - E19_05 Element - Number of Procedure Attempts,varchar,127,No,2018-02-22 22:44:55.143,2018-04-08 18:23:42.060
PCRInterventionProceduresPerformed,[ProcedureSuccessful],",[ProcedureSuccessful] INT 'n:E19_06'",'n:E19_06',NEMSIS V2 - E19_06 Element - Procedure Successful,int,NULL,No,2018-02-22 22:44:55.143,2018-04-08 18:23:42.060
PCRInterventionProceduresPerformedComplications,[ProcedureComplication],",[ProcedureComplication] INT 'n:E19_07'",'n:E19_07',NEMSIS V2 - E19_07 Element - Procedure Complication,int,NULL,No,2018-02-22 22:44:55.147,2018-04-08 18:23:42.130
PCRInterventionProceduresPerformed,[Response],",[Response] INT 'n:E19_08'",'n:E19_08',NEMSIS V2 - E19_08 Element - Response to Procedure,int,NULL,Yes,2018-02-22 22:44:55.143,2018-04-08 18:23:42.060
PCRInterventionProceduresPerformed,[CrewMembersId],",[CrewMembersId] VARCHAR(7) 'n:E19_09'",'n:E19_09',NEMSIS V2 - E19_09 Element - Procedure Crew Members ID,varchar,7,Yes,2018-02-22 22:44:55.143,2018-04-08 18:23:42.060
PCRInterventionProceduresPerformed,[Authorization],",[Authorization] INT 'n:E19_10'",'n:E19_10',NEMSIS V2 - E19_10 Element - Procedure Authorization,int,NULL,Yes,2018-02-22 22:44:55.143,2018-04-08 18:23:42.060
PCRInterventionProceduresPerformed,[AuthorizingPhysician],",[AuthorizingPhysician] VARCHAR(10) 'n:E19_11'",'n:E19_11',NEMSIS V2 - E19_11 Element - Procedure Authorizing Physician,varchar,10,Yes,2018-02-22 22:44:55.143,2018-04-08 18:23:42.060
PCRInterventionProceduresPerformedSuccessfulIVSite,[SuccessfulIVSite],",[SuccessfulIVSite] INT 'n:E19_12'",'n:E19_12',NEMSIS V2 - E19_12 Element - Successful IV Site,int,NULL,Yes,2018-02-22 22:44:55.150,2018-04-08 18:18:14.750
PCRInterventionProceduresPerformedTubeConfirmation,[TubeConfirmation],",[TubeConfirmation] INT 'n:E19_13'",'n:E19_13',NEMSIS V2 - E19_13 Element - Tube Confirmation,int,NULL,Yes,2018-04-08 18:25:40.310,2018-04-08 18:25:40.467
PCRInterventionProceduresPerformedTubePlacement,[TubePlacement],",[TubePlacement] INT 'n:E19_14'",'n:E19_14',NEMSIS V2 - E19_14 Element - Destination Confirmation of Tube Placement,int,NULL,Yes,2018-02-22 22:44:55.153,2018-04-08 18:18:14.830
PCRDisposition,[DestinationTransferredToName],",[DestinationTransferredToName] VARCHAR(25) 'n:E20_01'",'n:E20_01',"NEMSIS V2 - E20_01 Element - Destination/Transferred To, Name",varchar,25,Yes,2018-04-08 18:27:12.507,2018-04-08 18:27:12.543
PCRDisposition,[DestinationTransferredToCode],",[DestinationTransferredToCode] VARCHAR(25) 'n:E20_02'",'n:E20_02',"NEMSIS V2 - E20_02 Element - Destination/Transferred To, Code",varchar,25,Yes,2018-04-08 18:27:12.507,2018-04-08 18:27:12.543
PCRDisposition,[DestinationStreetAddress],",[DestinationStreetAddress] VARCHAR(15) 'n:E20_03'",'n:E20_03',NEMSIS V2 - E20_03 Element - Destination Street Address,varchar,15,Yes,2018-04-08 18:27:12.507,2018-04-08 18:27:12.543
PCRDisposition,[DestinationCity],",[DestinationCity] VARCHAR(15) 'n:E20_04'",'n:E20_04',NEMSIS V2 - E20_04 Element - Destination City,varchar,15,Yes,2018-04-08 18:27:12.507,2018-04-08 18:27:12.543
PCRDisposition,[DestinationState],",[DestinationState] VARCHAR(1) 'n:E20_05'",'n:E20_05',NEMSIS V2 - E20_05 Element - Destination State,varchar,1,Yes,2018-04-08 18:27:12.507,2018-04-08 18:27:12.543
PCRDisposition,[DestinationCounty],",[DestinationCounty] VARCHAR(2) 'n:E20_06'",'n:E20_06',NEMSIS V2 - E20_06 Element - Destination County,varchar,2,Yes,2018-04-08 18:27:12.507,2018-04-08 18:27:12.543
PCRDisposition,[DestinationZipCode],",[DestinationZipCode] VARCHAR(5) 'n:E20_07'",'n:E20_07',NEMSIS V2 - E20_07 Element - Destination Zip Code,varchar,5,No,2018-04-08 18:27:12.507,2018-04-08 18:27:12.543
PCRDisposition,[DestinationGPSLocationLatitude],",[DestinationGPSLocationLatitude] DECIMAL 'n:E20_08'",'n:E20_08',NEMSIS V2 - E20_08 Element - Destination GPS Location,decimal,NULL,Yes,2018-04-08 18:27:12.507,2018-04-08 18:27:12.543
PCRDisposition,[DestinationGPSLocationLongitude],",[DestinationGPSLocationLongitude] DECIMAL 'n:E20_08'",'n:E20_08',NEMSIS V2 - E20_08 Element - Destination GPS Location,decimal,NULL,Yes,2018-04-08 18:27:12.507,2018-04-08 18:27:12.543
PCRDisposition,[DestinationZoneNumber],",[DestinationZoneNumber] VARCHAR(15) 'n:E20_09'",'n:E20_09',NEMSIS V2 - E20_09 Element - Destination Zone Number,varchar,15,Yes,2018-04-08 18:27:12.507,2018-04-08 18:27:12.543
PCRDisposition,[IncidentPatientDisposition],",[IncidentPatientDisposition] INT 'n:E20_10'",'n:E20_10',NEMSIS V2 - E20_10 Element - Incident/Patient Disposition,int,NULL,No,2018-04-08 18:27:12.507,2018-04-08 18:27:12.543
PCRDisposition,[HowPatientMovedToAmbulance],",[HowPatientMovedToAmbulance] INT 'n:E20_11'",'n:E20_11',NEMSIS V2 - E20_11 Element - How Patient Was Moved to Ambulance,int,NULL,Yes,2018-04-08 18:27:12.507,2018-04-08 18:27:12.543
PCRDisposition,[PatientPositionDuringTransport],",[PatientPositionDuringTransport] INT 'n:E20_12'",'n:E20_12',NEMSIS V2 - E20_12 Element - Position of Patient During Transport,int,NULL,Yes,2018-04-08 18:27:12.507,2018-04-08 18:27:12.543
PCRDisposition,[HowPatientTransportedFromAmbulance],",[HowPatientTransportedFromAmbulance] INT 'n:E20_13'",'n:E20_13',NEMSIS V2 - E20_13 Element - How Patient Was Transported From Ambulance,int,NULL,Yes,2018-04-08 18:27:12.507,2018-04-08 18:27:12.543
PCRDisposition,[TransportMode],",[TransportMode] INT 'n:E20_14'",'n:E20_14',NEMSIS V2 - E20_14 Element - Transport Mode from Scene,int,NULL,No,2018-04-08 18:27:12.507,2018-04-08 18:27:12.543
PCRDisposition,[DestinationPatientCondition],",[DestinationPatientCondition] INT 'n:E20_15'",'n:E20_15',NEMSIS V2 - E20_15 Element - Condition of Patient at Destination,int,NULL,Yes,2018-04-08 18:27:12.507,2018-04-08 18:27:12.543
PCRDisposition,[DestinationReason],",[DestinationReason] INT 'n:E20_16'",'n:E20_16',NEMSIS V2 - E20_16 Element - Reason for Choosing Destination,int,NULL,No,2018-04-08 18:27:12.507,2018-04-08 18:27:12.543
PCRDisposition,[DestinationType],",[DestinationType] INT 'n:E20_17'",'n:E20_17',NEMSIS V2 - E20_17 Element - Type of Destination,int,NULL,No,2018-04-08 18:27:12.507,2018-04-08 18:27:12.543
PCRMedicalDeviceData,[EventDateTime],",[EventDateTime] DATETIME 'n:E21_01'",'n:E21_01',NEMSIS V2 - E21_01 Element - Event Date/Time,datetime,NULL,Yes,2018-04-08 18:25:40.523,2018-04-08 18:25:40.560
PCRMedicalDeviceData,[MedicalDeviceEventName],",[MedicalDeviceEventName] INT 'n:E21_02'",'n:E21_02',NEMSIS V2 - E21_02 Element - Medical Device Event Name,int,NULL,Yes,2018-04-08 18:25:40.523,2018-04-08 18:25:40.560
PCRMedicalDeviceData,[WaveformGraphicType],",[WaveformGraphicType] INT 'n:E21_03'",'n:E21_03',NEMSIS V2 - E21_03 Element - Waveform Graphic Type,int,NULL,Yes,2018-04-08 18:25:40.523,2018-04-08 18:25:40.560
PCRMedicalDeviceData,[WaveformGraphic],",[WaveformGraphic] IMAGE 'n:E21_04'",'n:E21_04',NEMSIS V2 - E21_04 Element - Waveform Graphic,image,NULL,Yes,2018-04-08 18:25:40.523,2018-04-08 18:25:40.560
PCRMedicalDeviceData,[AEDPacingCO2Mode],",[AEDPacingCO2Mode] INT 'n:E21_05'",'n:E21_05',"NEMSIS V2 - E21_05 Element - AED, Pacing, or CO2 Mode",int,NULL,Yes,2018-04-08 18:25:40.523,2018-04-08 18:25:40.560
PCRMedicalDeviceData,[ECGLead],",[ECGLead] INT 'n:E21_06'",'n:E21_06',NEMSIS V2 - E21_06 Element - ECG Lead,int,NULL,Yes,2018-04-08 18:25:40.523,2018-04-08 18:25:40.560
PCRMedicalDeviceData,[ECGInterpretation],",[ECGInterpretation] VARCHAR(1000) 'n:E21_07'",'n:E21_07',NEMSIS V2 - E21_07 Element - ECG Interpretation,varchar,1000,Yes,2018-04-08 18:25:40.523,2018-04-08 18:25:40.560
PCRMedicalDeviceData,[ShockType],",[ShockType] INT 'n:E21_08'",'n:E21_08',NEMSIS V2 - E21_08 Element - Type of Shock,int,NULL,Yes,2018-04-08 18:25:40.523,2018-04-08 18:25:40.560
PCRMedicalDeviceData,[ShockPacingEnergy],",[ShockPacingEnergy] DECIMAL 'n:E21_09'",'n:E21_09',NEMSIS V2 - E21_09 Element - Shock or Pacing Energy,decimal,NULL,Yes,2018-04-08 18:25:40.523,2018-04-08 18:25:40.560
PCRMedicalDeviceData,[TotalNumberShocksDelivered],",[TotalNumberShocksDelivered] INT 'n:E21_10'",'n:E21_10',NEMSIS V2 - E21_10 Element - Total Number of Shocks Delivered,int,NULL,Yes,2018-04-08 18:25:40.523,2018-04-08 18:25:40.560
PCRMedicalDeviceData,[PacingRate],",[PacingRate] INT 'n:E21_11'",'n:E21_11',NEMSIS V2 - E21_11 Element - Pacing Rate,int,NULL,Yes,2018-04-08 18:25:40.523,2018-04-08 18:25:40.560
PCRMedicalDeviceData,[HeartRate],",[HeartRate] INT 'n:E21_12'",'n:E21_12',NEMSIS V2 - E21_12 Element - Device Heart Rate,int,NULL,Yes,2018-04-08 18:25:40.523,2018-04-08 18:25:40.560
PCRMedicalDeviceData,[PulseRate],",[PulseRate] INT 'n:E21_13'",'n:E21_13',NEMSIS V2 - E21_13 Element - Device Pulse Rate,int,NULL,Yes,2018-04-08 18:25:40.523,2018-04-08 18:25:40.560
PCRMedicalDeviceData,[SystolicBloodPressure],",[SystolicBloodPressure] INT 'n:E21_14'",'n:E21_14',NEMSIS V2 - E21_14 Element - Device Systolic Blood Pressure,int,NULL,Yes,2018-04-08 18:25:40.523,2018-04-08 18:25:40.560
PCRMedicalDeviceData,[DiastolicBloodPressure],",[DiastolicBloodPressure] INT 'n:E21_15'",'n:E21_15',NEMSIS V2 - E21_15 Element - Device Diastolic Blood Pressure,int,NULL,Yes,2018-04-08 18:25:40.523,2018-04-08 18:25:40.560
PCRMedicalDeviceData,[RespiratoryRate],",[RespiratoryRate] INT 'n:E21_16'",'n:E21_16',NEMSIS V2 - E21_16 Element - Device Respiratory Rate,int,NULL,Yes,2018-04-08 18:25:40.523,2018-04-08 18:25:40.560
PCRMedicalDeviceData,[PulseOximetry],",[PulseOximetry] INT 'n:E21_17'",'n:E21_17',NEMSIS V2 - E21_17 Element - Device Pulse Oximetry,int,NULL,Yes,2018-04-08 18:25:40.523,2018-04-08 18:25:40.560
PCRMedicalDeviceData,[CO2etCO2],",[CO2etCO2] INT 'n:E21_18'",'n:E21_18',NEMSIS V2 - E21_18 Element - Device CO2 or etCO2,int,NULL,Yes,2018-04-08 18:25:40.523,2018-04-08 18:25:40.560
PCRMedicalDeviceData,[CO2etCO2InvasivePressureMonitorUnits],",[CO2etCO2InvasivePressureMonitorUnits] INT 'n:E21_19'",'n:E21_19',"NEMSIS V2 - E21_19 Element - Device CO2, etCO2, or Invasive Pressure Monitor Units",int,NULL,Yes,2018-04-08 18:25:40.523,2018-04-08 18:25:40.560
PCRMedicalDeviceData,[InvasivePressureMean],",[InvasivePressureMean] INT 'n:E21_20'",'n:E21_20',NEMSIS V2 - E21_20 Element - Device Invasive Pressure Mean,int,NULL,Yes,2018-04-08 18:25:40.523,2018-04-08 18:25:40.560
PCROutcomeLinkage,[EmergencyDepartmentDisposition],",[EmergencyDepartmentDisposition] INT 'n:E22_01'",'n:E22_01',NEMSIS V2 - E22_01 Element - Emergency Department Disposition,int,NULL,No,2018-02-22 22:44:55.163,2018-04-08 18:16:24.257
PCROutcomeLinkage,[HospitalDisposition],",[HospitalDisposition] INT 'n:E22_02'",'n:E22_02',NEMSIS V2 - E22_02 Element - Hospital Disposition,int,NULL,No,2018-02-22 22:44:55.163,2018-04-08 18:16:24.257
PCROutcomeLinkage,[LawEnforcementReportNumber],",[LawEnforcementReportNumber] VARCHAR(10) 'n:E22_03'",'n:E22_03',NEMSIS V2 - E22_03 Element - Law Enforcement/Crash Report Number,varchar,10,Yes,2018-02-22 22:44:55.163,2018-04-08 18:16:24.257
PCROutcomeLinkage,[TraumaRegistryId],",[TraumaRegistryId] VARCHAR(10) 'n:E22_04'",'n:E22_04',NEMSIS V2 - E22_04 Element - Trauma Registry ID,varchar,10,Yes,2018-02-22 22:44:55.163,2018-04-08 18:16:24.257
PCROutcomeLinkage,[FireIncidentReportNumber],",[FireIncidentReportNumber] VARCHAR(10) 'n:E22_05'",'n:E22_05',NEMSIS V2 - E22_05 Element - Fire Incident Report Number,varchar,10,Yes,2018-02-22 22:44:55.163,2018-04-08 18:16:24.257
PCROutcomeLinkage,[PatientIdBandTagNumber],",[PatientIdBandTagNumber] VARCHAR(10) 'n:E22_06'",'n:E22_06',NEMSIS V2 - E22_06 Element - Patient ID Band/Tag Number,varchar,10,Yes,2018-02-22 22:44:55.163,2018-04-08 18:16:24.257
PCRMiscellaneous,[ReviewRequested],",[ReviewRequested] INT 'n:E23_01'",'n:E23_01',NEMSIS V2 - E23_01 Element - Review Requested,int,NULL,Yes,2018-02-22 22:44:55.167,2018-04-08 18:16:24.323
PCRMiscellaneousPatientIndicationCriteriaRegistry,[PotentialRegistryCandidate],",[PotentialRegistryCandidate] INT 'n:E23_02'",'n:E23_02',NEMSIS V2 - E23_02 Element - Potential Registry Candidate,int,NULL,No,2018-02-22 22:44:55.167,2018-04-08 18:18:14.907
PCRMiscellaneousProtectiveEquipmentUsed,[PersonalProtectiveEquipmentUsed],",[PersonalProtectiveEquipmentUsed] INT 'n:E23_03'",'n:E23_03',NEMSIS V2 - E23_03 Element - Personal Protective Equipment Used,int,NULL,No,2018-02-22 22:44:55.170,2018-04-08 18:16:24.403
PCRMiscellaneousSuspicionMultiCasualtyDomesticTerrorism,[SuspectedIntentionalUnintentionalDisaster],",[SuspectedIntentionalUnintentionalDisaster] INT 'n:E23_04'",'n:E23_04',"NEMSIS V2 - E23_04 Element - Suspected Intentional, or Unintentional Disaster",int,NULL,No,2018-02-22 22:44:55.170,2018-04-08 18:16:24.483
PCRMiscellaneous,[SuspectedContactBodyFluidsEMSInjuryDeath],",[SuspectedContactBodyFluidsEMSInjuryDeath] INT 'n:E23_05'",'n:E23_05',NEMSIS V2 - E23_05 Element - Suspected Contact with Blood/Body Fluids of EMS Injury or Death,int,NULL,Yes,2018-02-22 22:44:55.167,2018-04-08 18:16:24.323
PCRMiscellaneousTypeExposureBodilyFluids,[TypeSuspectedFluidExposure],",[TypeSuspectedFluidExposure] INT 'n:E23_06'",'n:E23_06',"NEMSIS V2 - E23_06 Element - Type of Suspected Blood/Body Fluid Exposure, Injury, or Death",int,NULL,No,2018-02-22 22:44:55.173,2018-04-08 18:16:24.550
PCRMiscellaneousPersonnelExposedFluids,[PersonnelExposed],",[PersonnelExposed] INT 'n:E23_07'",'n:E23_07',NEMSIS V2 - E23_07 Element - Personnel Exposed,int,NULL,No,2018-02-22 22:44:55.177,2018-04-08 18:23:42.400
PCRMiscellaneous,[RequiredReportableCondition],",[RequiredReportableCondition] INT 'n:E23_08'",'n:E23_08',NEMSIS V2 - E23_08 Element - Required Reportable Conditions,int,NULL,Yes,2018-02-22 22:44:55.167,2018-04-08 18:16:24.323
PCRMiscellaneousLocalAgencyResearchField,[ResearchSurveyField],",[ResearchSurveyField] VARCHAR(25) 'n:E23_09'",'n:E23_09',NEMSIS V2 - E23_09 Element - Research Survey Field,varchar,25,No,2018-02-22 22:44:55.180,2018-04-08 18:18:14.983
PCRMiscellaneous,[ReportGeneratedBy],",[ReportGeneratedBy] VARCHAR(7) 'n:E23_10'",'n:E23_10',NEMSIS V2 - E23_10 Element - Who Generated this Report?,varchar,7,Yes,2018-02-22 22:44:55.167,2018-04-08 18:16:24.323
PCRMiscellaneousLocalAgencyResearchField,[ResearchSurveyFieldTitle],",[ResearchSurveyFieldTitle] VARCHAR(15) 'n:E23_11'",'n:E23_11',NEMSIS V2 - E23_11 Element - Research Survey Field Title,varchar,15,No,2018-02-22 22:44:55.180,2018-04-08 18:18:14.983
Agency,[Id],",[Id] INT 'n:ry Key'",'n:ry Key',Agency Primary Key.,int,NULL,No,2018-02-21 10:11:29.917,2018-02-23 07:36:47.043
Agency,[AgencyTenantId],",[AgencyTenantId] NVARCHAR 'n:t Id u'",'n:t Id u',Agency Tenant Id used for application/data security.,nvarchar,NULL,No,2018-02-21 10:11:29.917,2018-02-23 07:36:47.043
